"","OrderTime","Description","Conid","TradeDate","Currency","Buy.Sell","Quantity","TradePrice","Proceeds","ClientId","Fx","SoumisSuisse","SoumisEtr","NonSoumis","cliNbr"
"1","20170113;085012","CAP GEMINI .","29612147",2017-01-13,"EUR","VTE",-244,80.2,19568.8,"U1427234",1.074,0,21017,0,2
"2","20170113;085012","CAP GEMINI .","29612147",2017-01-13,"EUR","ACH",-244,80.2,19568.8,"Interactive Brokers",1.074,0,0,21017,2
"3","20170113;085012","ROCHE HOLDING AG-GENUSSCHEIN","228954",2017-01-13,"CHF","VTE",-66,237.6,15681.6,"U1427234",1,15682,0,0,2
"4","20170113;085012","ROCHE HOLDING AG-GENUSSCHEIN","228954",2017-01-13,"CHF","ACH",-66,237.6,15681.6,"Interactive Brokers",1,0,0,15682,2
"5","20170113;085013","CARREFOUR SA","29612172",2017-01-13,"EUR","ACH",891,22.425,19980.69,"U1427234",1.074,0,21459,0,2
"6","20170113;085013","CARREFOUR SA","29612172",2017-01-13,"EUR","VTE",891,22.425,19980.69,"Interactive Brokers",1.074,0,0,21459,2
"7","20170113;085240","SHIRE PLC","51538961",2017-01-13,"GBP","ACH",376,46.465,17470.85,"U1427234",1.2293,0,21477,0,2
"8","20170113;085240","SHIRE PLC","51538961",2017-01-13,"GBP","VTE",376,46.465,17470.85,"Interactive Brokers",1.2293,0,0,21477,2
"9","20170113;085919","DBX MSCI WORLD FINANCIALSETF","227264014",2017-01-13,"EUR","ACH",744,15.482,11518.622,"U1427234",1.074,0,12371,0,2
"10","20170113;085919","DBX MSCI WORLD FINANCIALSETF","227264014",2017-01-13,"EUR","VTE",744,15.482,11518.622,"Interactive Brokers",1.074,0,0,12371,2
"11","20170113;094227","TECHNIP SA","1411464",2017-01-13,"EUR","ACH",415,66.68,27672.2,"U1427234",1.074,0,29720,0,2
"12","20170113;094227","TECHNIP SA","1411464",2017-01-13,"EUR","VTE",415,66.68,27672.2,"Interactive Brokers",1.074,0,0,29720,2
"13","20170228;030429","KONINKLIJKE AHOLD DELHAIZE N","240486295",2017-02-28,"EUR","VTE",-141,20.036,2825.076,"U1427234",1.0639,0,3006,0,2
"14","20170228;030429","KONINKLIJKE AHOLD DELHAIZE N","240486295",2017-02-28,"EUR","ACH",-141,20.036,2825.076,"Interactive Brokers",1.0639,0,0,3006,2
"15","20170228;030430","NESTLE SA-REG","52238348",2017-02-28,"CHF","ACH",171,74.35,12713.85,"U1427234",1,12714,0,0,2
"16","20170228;030430","NESTLE SA-REG","52238348",2017-02-28,"CHF","VTE",171,74.35,12713.85,"Interactive Brokers",1,0,0,12714,2
"17","20170228;030431","AIRBUS SE","29612256",2017-02-28,"EUR","VTE",-173,68.355,11825.452,"U1427234",1.0639,0,12581,0,2
"18","20170228;030431","AIRBUS SE","29612256",2017-02-28,"EUR","ACH",-173,68.355,11825.452,"Interactive Brokers",1.0639,0,0,12581,2
"19","20170228;030432","BNP PARIBAS","29612163",2017-02-28,"EUR","ACH",217,54.75,11880.75,"U1427234",1.0639,0,12640,0,2
"20","20170228;030432","BNP PARIBAS","29612163",2017-02-28,"EUR","VTE",217,54.75,11880.75,"Interactive Brokers",1.0639,0,0,12640,2
"21","20170228;030432","CARREFOUR SA","29612172",2017-02-28,"EUR","ACH",358,22.375,8010.25,"U1427234",1.0639,0,8522,0,2
"22","20170228;030432","CARREFOUR SA","29612172",2017-02-28,"EUR","VTE",358,22.375,8010.25,"Interactive Brokers",1.0639,0,0,8522,2
"23","20170228;030432","COMPAGNIE DE SAINT-GOBAIN","29612189",2017-02-28,"EUR","ACH",263,45.555,11980.965,"U1427234",1.0639,0,12747,0,2
"24","20170228;030432","COMPAGNIE DE SAINT-GOBAIN","29612189",2017-02-28,"EUR","VTE",263,45.555,11980.965,"Interactive Brokers",1.0639,0,0,12747,2
"25","20170228;030433","BT GROUP PLC","13672206",2017-02-28,"GBP","VTE",-511,3.268,1669.948,"U1427234",1.2454,0,2080,0,2
"26","20170228;030433","BT GROUP PLC","13672206",2017-02-28,"GBP","ACH",-511,3.268,1669.948,"Interactive Brokers",1.2454,0,0,2080,2
"27","20170228;030434","ADECCO GROUP AG-REG","4636973",2017-02-28,"CHF","ACH",213,71.3,15186.9,"U1427234",1,15187,0,0,2
"28","20170228;030434","ADECCO GROUP AG-REG","4636973",2017-02-28,"CHF","VTE",213,71.3,15186.9,"Interactive Brokers",1,0,0,15187,2
"29","20170228;030435","DASSAULT SYSTEMES SA","2953175",2017-02-28,"EUR","VTE",-52,76.75,3991,"U1427234",1.0639,0,4246,0,2
"30","20170228;030435","DASSAULT SYSTEMES SA","2953175",2017-02-28,"EUR","ACH",-52,76.75,3991,"Interactive Brokers",1.0639,0,0,4246,2
"31","20170228;030435","EIFFAGE","1254491",2017-02-28,"EUR","ACH",178,67.23,11966.94,"U1427234",1.0639,0,12732,0,2
"32","20170228;030435","EIFFAGE","1254491",2017-02-28,"EUR","VTE",178,67.23,11966.94,"Interactive Brokers",1.0639,0,0,12732,2
"33","20170228;030436","ROCHE HOLDING AG-GENUSSCHEIN","228954",2017-02-28,"CHF","VTE",-58,244,14152,"U1427234",1,14152,0,0,2
"34","20170228;030436","ROCHE HOLDING AG-GENUSSCHEIN","228954",2017-02-28,"CHF","ACH",-58,244,14152,"Interactive Brokers",1,0,0,14152,2
"35","20170228;030437","BP PLC","228891",2017-02-28,"GBP","ACH",2253,4.53,10207.2165,"U1427234",1.2454,0,12712,0,2
"36","20170228;030437","BP PLC","228891",2017-02-28,"GBP","VTE",2253,4.53,10207.2165,"Interactive Brokers",1.2454,0,0,12712,2
"37","20170228;030438","BAYER AG-REG","68598660",2017-02-28,"EUR","ACH",114,103.75,11827.5,"U1427234",1.0639,0,12583,0,2
"38","20170228;030438","BAYER AG-REG","68598660",2017-02-28,"EUR","VTE",114,103.75,11827.5,"Interactive Brokers",1.0639,0,0,12583,2
"39","20170228;030439","SOLVAY SA","228869",2017-02-28,"EUR","ACH",108,110.15,11896.2,"U1427234",1.0639,0,12656,0,2
"40","20170228;030439","SOLVAY SA","228869",2017-02-28,"EUR","VTE",108,110.15,11896.2,"Interactive Brokers",1.0639,0,0,12656,2
"41","20170228;030440","VOLKSWAGEN AG-PREF","14237",2017-02-28,"EUR","ACH",84,140.149,11772.516,"U1427234",1.0639,0,12525,0,2
"42","20170228;030440","VOLKSWAGEN AG-PREF","14237",2017-02-28,"EUR","VTE",84,140.149,11772.516,"Interactive Brokers",1.0639,0,0,12525,2
"43","20170228;030450","SHIRE PLC","51538961",2017-02-28,"GBP","VTE",-376,48.905,18388.28,"U1427234",1.2454,0,22901,0,2
"44","20170228;030450","SHIRE PLC","51538961",2017-02-28,"GBP","ACH",-376,48.905,18388.28,"Interactive Brokers",1.2454,0,0,22901,2
"45","20170228;030504","AXA SA","29612141",2017-02-28,"EUR","VTE",-722,22.04,15912.88,"U1427234",1.0639,0,16930,0,2
"46","20170228;030504","AXA SA","29612141",2017-02-28,"EUR","ACH",-722,22.04,15912.88,"Interactive Brokers",1.0639,0,0,16930,2
"47","20170310;081535","GECINA SA","1411212",2017-03-10,"EUR","ACH",52,115.8,6021.6,"U1427234",1.0791,0,6498,0,2
"48","20170310;081535","GECINA SA","1411212",2017-03-10,"EUR","VTE",52,115.8,6021.6,"Interactive Brokers",1.0791,0,0,6498,2
"49","20170310;081535","UNIBAIL-RODAMCO SE","1411503",2017-03-10,"EUR","ACH",28,214.05,5993.4,"U1427234",1.0791,0,6467,0,2
"50","20170310;081535","UNIBAIL-RODAMCO SE","1411503",2017-03-10,"EUR","VTE",28,214.05,5993.4,"Interactive Brokers",1.0791,0,0,6467,2
"51","20170310;081536","DEUTSCHE WOHNEN AG-BR","40064795",2017-03-10,"EUR","ACH",195,31.055,6055.725,"U1427234",1.0791,0,6535,0,2
"52","20170310;081536","DEUTSCHE WOHNEN AG-BR","40064795",2017-03-10,"EUR","VTE",195,31.055,6055.725,"Interactive Brokers",1.0791,0,0,6535,2
"53","20170310;081625","VONOVIA SE","130946869",2017-03-10,"EUR","ACH",188,32.155,6045.15,"U1427234",1.0791,0,6523,0,2
"54","20170310;081625","VONOVIA SE","130946869",2017-03-10,"EUR","VTE",188,32.155,6045.15,"Interactive Brokers",1.0791,0,0,6523,2
"55","20170310;093341","ABBVIE INC","118089500",2017-03-10,"USD","VTE",-343,65.191,22360.513,"U1427234",1.011,0,22606,0,2
"56","20170310;093341","ABBVIE INC","118089500",2017-03-10,"USD","ACH",-343,65.191,22360.513,"Interactive Brokers",1.011,0,0,22606,2
"57","20170310;093341","AMAZON.COM INC","3691937",2017-03-10,"USD","VTE",-43,855.761,36797.723,"U1427234",1.011,0,37202,0,2
"58","20170310;093341","AMAZON.COM INC","3691937",2017-03-10,"USD","ACH",-43,855.761,36797.723,"Interactive Brokers",1.011,0,0,37202,2
"59","20170310;093341","BAXTER INTERNATIONAL INC.","8111188",2017-03-10,"USD","VTE",-49,52.27,2561.23,"U1427234",1.011,0,2589,0,2
"60","20170310;093341","BAXTER INTERNATIONAL INC.","8111188",2017-03-10,"USD","ACH",-49,52.27,2561.23,"Interactive Brokers",1.011,0,0,2589,2
"61","20170310;093341","GENERAL MILLS INC","7616",2017-03-10,"USD","ACH",40,60.929,2437.16,"U1427234",1.011,0,2464,0,2
"62","20170310;093341","GENERAL MILLS INC","7616",2017-03-10,"USD","VTE",40,60.929,2437.16,"Interactive Brokers",1.011,0,0,2464,2
"63","20170310;093341","GILEAD SCIENCES INC","269753",2017-03-10,"USD","ACH",266,68.249,18154.34,"U1427234",1.011,0,18354,0,2
"64","20170310;093341","GILEAD SCIENCES INC","269753",2017-03-10,"USD","VTE",266,68.249,18154.34,"Interactive Brokers",1.011,0,0,18354,2
"65","20170310;093341","INTEL CORP","270639",2017-03-10,"USD","VTE",-716,36.201,25920.19,"U1427234",1.011,0,26205,0,2
"66","20170310;093341","INTEL CORP","270639",2017-03-10,"USD","ACH",-716,36.201,25920.19,"Interactive Brokers",1.011,0,0,26205,2
"67","20170310;093341","KLA-TENCOR CORP","270957",2017-03-10,"USD","VTE",-356,92.741,33015.64,"U1427234",1.011,0,33379,0,2
"68","20170310;093341","KLA-TENCOR CORP","270957",2017-03-10,"USD","ACH",-356,92.741,33015.64,"Interactive Brokers",1.011,0,0,33379,2
"69","20170310;093341","MERCK & CO INC","70101545",2017-03-10,"USD","VTE",-183,65.901,12059.81,"U1427234",1.011,0,12192,0,2
"70","20170310;093341","MERCK & CO INC","70101545",2017-03-10,"USD","ACH",-183,65.901,12059.81,"Interactive Brokers",1.011,0,0,12192,2
"71","20170310;093341","MICHAEL KORS HOLDINGS LTD","98606948",2017-03-10,"USD","ACH",501,36.763,18418.37,"U1427234",1.011,0,18621,0,2
"72","20170310;093341","MICHAEL KORS HOLDINGS LTD","98606948",2017-03-10,"USD","VTE",501,36.763,18418.37,"Interactive Brokers",1.011,0,0,18621,2
"73","20170310;093341","SPDR S&P 500 ETF TRUST","756733",2017-03-10,"USD","ACH",384,237.86,91338.24,"U1427234",1.011,0,92343,0,2
"74","20170310;093341","SPDR S&P 500 ETF TRUST","756733",2017-03-10,"USD","VTE",384,237.86,91338.24,"Interactive Brokers",1.011,0,0,92343,2
"75","20170310;093347","QUALCOMM INC","273544",2017-03-10,"USD","VTE",-475,58.38,27730.5,"U1427234",1.011,0,28036,0,2
"76","20170310;093347","QUALCOMM INC","273544",2017-03-10,"USD","ACH",-475,58.38,27730.5,"Interactive Brokers",1.011,0,0,28036,2
"77","20170310;093352","SEAGATE TECHNOLOGY","76915240",2017-03-10,"USD","VTE",-1031,47.05,48508.55,"U1427234",1.011,0,49042,0,2
"78","20170310;093352","SEAGATE TECHNOLOGY","76915240",2017-03-10,"USD","ACH",-1031,47.05,48508.55,"Interactive Brokers",1.011,0,0,49042,2
"79","20170310;093409","ENSCO PLC-CL A","107375361",2017-03-10,"USD","ACH",2078,8.72,18119.5,"U1427234",1.011,0,18319,0,2
"80","20170310;093409","ENSCO PLC-CL A","107375361",2017-03-10,"USD","VTE",2078,8.72,18119.5,"Interactive Brokers",1.011,0,0,18319,2
"81","20170524;031047","EASYJET PLC","103665937",2017-05-24,"GBP","VTE",-1227,13.06,16024.62,"U1427234",1.2626,0,20233,0,2
"82","20170524;031047","EASYJET PLC","103665937",2017-05-24,"GBP","ACH",-1227,13.06,16024.62,"Interactive Brokers",1.2626,0,0,20233,2
"83","20170524;031048","ADECCO GROUP AG-REG","4636973",2017-05-24,"CHF","VTE",-167,73.45,12266.15,"U1427234",1,12266,0,0,2
"84","20170524;031048","ADECCO GROUP AG-REG","4636973",2017-05-24,"CHF","ACH",-167,73.45,12266.15,"Interactive Brokers",1,0,0,12266,2
"85","20170524;031049","NESTLE SA-REG","52238348",2017-05-24,"CHF","VTE",-56,82.35,4611.6,"U1427234",1,4612,0,0,2
"86","20170524;031049","NESTLE SA-REG","52238348",2017-05-24,"CHF","ACH",-56,82.35,4611.6,"Interactive Brokers",1,0,0,4612,2
"87","20170524;031050","CARREFOUR SA","29612172",2017-05-24,"EUR","VTE",-491,22.817,11203.147,"U1427234",1.0917,0,12230,0,2
"88","20170524;031050","CARREFOUR SA","29612172",2017-05-24,"EUR","ACH",-491,22.817,11203.147,"Interactive Brokers",1.0917,0,0,12230,2
"89","20170524;031050","KONINKLIJKE AHOLD DELHAIZE N","240486295",2017-05-24,"EUR","VTE",-525,20.133,10569.825,"U1427234",1.0917,0,11539,0,2
"90","20170524;031050","KONINKLIJKE AHOLD DELHAIZE N","240486295",2017-05-24,"EUR","ACH",-525,20.133,10569.825,"Interactive Brokers",1.0917,0,0,11539,2
"91","20170524;031050","SIEMENS AG-REG","14217",2017-05-24,"EUR","ACH",102,126.926,12946.452,"U1427234",1.0917,0,14134,0,2
"92","20170524;031050","SIEMENS AG-REG","14217",2017-05-24,"EUR","VTE",102,126.926,12946.452,"Interactive Brokers",1.0917,0,0,14134,2
"93","20170524;031051","BASF SE","77680640",2017-05-24,"EUR","ACH",202,85.279,17226.358,"U1427234",1.0917,0,18806,0,2
"94","20170524;031051","BASF SE","77680640",2017-05-24,"EUR","VTE",202,85.279,17226.358,"Interactive Brokers",1.0917,0,0,18806,2
"95","20170524;031051","SOLVAY SA","228869",2017-05-24,"EUR","ACH",38,117.926,4481.188,"U1427234",1.0917,0,4892,0,2
"96","20170524;031051","SOLVAY SA","228869",2017-05-24,"EUR","VTE",38,117.926,4481.188,"Interactive Brokers",1.0917,0,0,4892,2
"97","20170524;031051","UNIBAIL-RODAMCO SE","1411503",2017-05-24,"EUR","ACH",28,230.45,6452.6,"U1427234",1.0917,0,7044,0,2
"98","20170524;031051","UNIBAIL-RODAMCO SE","1411503",2017-05-24,"EUR","VTE",28,230.45,6452.6,"Interactive Brokers",1.0917,0,0,7044,2
"99","20170524;031605","ASML HOLDING NV","117589399",2017-05-24,"EUR","ACH",144,119.645,17228.88,"U1427234",1.0917,0,18809,0,2
"100","20170524;031605","ASML HOLDING NV","117589399",2017-05-24,"EUR","VTE",144,119.645,17228.88,"Interactive Brokers",1.0917,0,0,18809,2
"101","20170524;100902","GENERAL MILLS INC","7616",2017-05-24,"USD","ACH",143,56.769,8118.03,"U1427234",0.97311,0,7900,0,2
"102","20170524;100902","GENERAL MILLS INC","7616",2017-05-24,"USD","VTE",143,56.769,8118.03,"Interactive Brokers",0.97311,0,0,7900,2
"103","20170524;100903","CISCO SYSTEMS INC","268084",2017-05-24,"USD","ACH",799,31.61,25256.17,"U1427234",0.97311,0,24577,0,2
"104","20170524;100903","CISCO SYSTEMS INC","268084",2017-05-24,"USD","VTE",799,31.61,25256.17,"Interactive Brokers",0.97311,0,0,24577,2
"105","20170524;100903","PFIZER INC","11031",2017-05-24,"USD","ACH",262,32.148,8422.7318,"U1427234",0.97311,0,8196,0,2
"106","20170524;100903","PFIZER INC","11031",2017-05-24,"USD","VTE",262,32.148,8422.7318,"Interactive Brokers",0.97311,0,0,8196,2
"107","20170524;100904","ELI LILLY & CO","9160",2017-05-24,"USD","ACH",202,78.089,15774.0644,"U1427234",0.97311,0,15350,0,2
"108","20170524;100904","ELI LILLY & CO","9160",2017-05-24,"USD","VTE",202,78.089,15774.0644,"Interactive Brokers",0.97311,0,0,15350,2
"109","20170524;100904","GENERAL ELECTRIC CO","7516",2017-05-24,"USD","ACH",554,28.425,15747.45,"U1427234",0.97311,0,15324,0,2
"110","20170524;100904","GENERAL ELECTRIC CO","7516",2017-05-24,"USD","VTE",554,28.425,15747.45,"Interactive Brokers",0.97311,0,0,15324,2
"111","20170524;100904","GILEAD SCIENCES INC","269753",2017-05-24,"USD","ACH",125,64.52,8064.9712,"U1427234",0.97311,0,7848,0,2
"112","20170524;100904","GILEAD SCIENCES INC","269753",2017-05-24,"USD","VTE",125,64.52,8064.9712,"Interactive Brokers",0.97311,0,0,7848,2
"113","20170524;100905","KLA-TENCOR CORP","270957",2017-05-24,"USD","VTE",-180,103.051,18549.11,"U1427234",0.97311,0,18050,0,2
"114","20170524;100905","KLA-TENCOR CORP","270957",2017-05-24,"USD","ACH",-180,103.051,18549.11,"Interactive Brokers",0.97311,0,0,18050,2
"115","20170524;100905","LAM RESEARCH CORP","271308",2017-05-24,"USD","VTE",-64,153.231,9806.7904,"U1427234",0.97311,0,9543,0,2
"116","20170524;100905","LAM RESEARCH CORP","271308",2017-05-24,"USD","ACH",-64,153.231,9806.7904,"Interactive Brokers",0.97311,0,0,9543,2
"117","20170524;100906","CORNING INC","7655",2017-05-24,"USD","VTE",-536,29.181,15640.99,"U1427234",0.97311,0,15220,0,2
"118","20170524;100906","CORNING INC","7655",2017-05-24,"USD","ACH",-536,29.181,15640.99,"Interactive Brokers",0.97311,0,0,15220,2
"119","20170524;100906","DARDEN RESTAURANTS INC","661440",2017-05-24,"USD","VTE",-189,86.928,16429.38,"U1427234",0.97311,0,15988,0,2
"120","20170524;100906","DARDEN RESTAURANTS INC","661440",2017-05-24,"USD","ACH",-189,86.928,16429.38,"Interactive Brokers",0.97311,0,0,15988,2
"121","20170524;100906","EATON CORP PLC","118017869",2017-05-24,"USD","VTE",-246,77.784,19134.9306,"U1427234",0.97311,0,18620,0,2
"122","20170524;100906","EATON CORP PLC","118017869",2017-05-24,"USD","ACH",-246,77.784,19134.9306,"Interactive Brokers",0.97311,0,0,18620,2
"123","20170524;101315","NOVARTIS AG-REG","1615110",2017-05-24,"CHF","VTE",-119,79.2,9424.8,"U1427234",1,9425,0,0,2
"124","20170524;101315","NOVARTIS AG-REG","1615110",2017-05-24,"CHF","ACH",-119,79.2,9424.8,"Interactive Brokers",1,0,0,9425,2
"125","20170524;101316","ROCHE HOLDING AG-GENUSSCHEIN","228954",2017-05-24,"CHF","VTE",-52,267.9,13930.8,"U1427234",1,13931,0,0,2
"126","20170524;101316","ROCHE HOLDING AG-GENUSSCHEIN","228954",2017-05-24,"CHF","ACH",-52,267.9,13930.8,"Interactive Brokers",1,0,0,13931,2
"127","20170524;101317","DASSAULT SYSTEMES SA","2953175",2017-05-24,"EUR","VTE",-153,82.18,12573.54,"U1427234",1.0917,0,13727,0,2
"128","20170524;101317","DASSAULT SYSTEMES SA","2953175",2017-05-24,"EUR","ACH",-153,82.18,12573.54,"Interactive Brokers",1.0917,0,0,13727,2
"129","20170524;101331","BT GROUP PLC","13672206",2017-05-24,"GBP","VTE",-2447,3.162,7736.1905,"U1427234",1.2626,0,9768,0,2
"130","20170524;101331","BT GROUP PLC","13672206",2017-05-24,"GBP","ACH",-2447,3.162,7736.1905,"Interactive Brokers",1.2626,0,0,9768,2
"131","20170726;093452","ABBVIE INC","118089500",2017-07-26,"USD","VTE",-78,72.341,5642.6058,"U1427234",0.95077,0,5365,0,2
"132","20170726;093452","ABBVIE INC","118089500",2017-07-26,"USD","ACH",-78,72.341,5642.6058,"Interactive Brokers",0.95077,0,0,5365,2
"133","20170726;093452","BAXTER INTERNATIONAL INC.","8111188",2017-07-26,"USD","VTE",-351,61.321,21523.671,"U1427234",0.95077,0,20464,0,2
"134","20170726;093452","BAXTER INTERNATIONAL INC.","8111188",2017-07-26,"USD","ACH",-351,61.321,21523.671,"Interactive Brokers",0.95077,0,0,20464,2
"135","20170726;093452","CATERPILLAR INC","5437",2017-07-26,"USD","VTE",-196,113.841,22312.8556,"U1427234",0.95077,0,21214,0,2
"136","20170726;093452","CATERPILLAR INC","5437",2017-07-26,"USD","ACH",-196,113.841,22312.8556,"Interactive Brokers",0.95077,0,0,21214,2
"137","20170726;093452","DARDEN RESTAURANTS INC","661440",2017-07-26,"USD","VTE",-182,86.591,15759.562,"U1427234",0.95077,0,14984,0,2
"138","20170726;093452","DARDEN RESTAURANTS INC","661440",2017-07-26,"USD","ACH",-182,86.591,15759.562,"Interactive Brokers",0.95077,0,0,14984,2
"139","20170726;093452","ENSCO PLC-CL A","107375361",2017-07-26,"USD","VTE",-2078,5.571,11575.94,"U1427234",0.95077,0,11006,0,2
"140","20170726;093452","ENSCO PLC-CL A","107375361",2017-07-26,"USD","ACH",-2078,5.571,11575.94,"Interactive Brokers",0.95077,0,0,11006,2
"141","20170726;093452","GENERAL ELECTRIC CO","7516",2017-07-26,"USD","ACH",550,25.609,14085.21,"U1427234",0.95077,0,13392,0,2
"142","20170726;093452","GENERAL ELECTRIC CO","7516",2017-07-26,"USD","VTE",550,25.609,14085.21,"Interactive Brokers",0.95077,0,0,13392,2
"143","20170726;093452","GILEAD SCIENCES INC","269753",2017-07-26,"USD","VTE",-187,73.661,13774.5157,"U1427234",0.95077,0,13096,0,2
"144","20170726;093452","GILEAD SCIENCES INC","269753",2017-07-26,"USD","ACH",-187,73.661,13774.5157,"Interactive Brokers",0.95077,0,0,13096,2
"145","20170726;093452","PACCAR INC","272992",2017-07-26,"USD","VTE",-147,68.45,10062.15,"U1427234",0.95077,0,9567,0,2
"146","20170726;093452","PACCAR INC","272992",2017-07-26,"USD","ACH",-147,68.45,10062.15,"Interactive Brokers",0.95077,0,0,9567,2
"147","20170726;093452","SPDR S&P 500 ETF TRUST","756733",2017-07-26,"USD","VTE",-124,247.59,30701.16,"U1427234",0.95077,0,29190,0,2
"148","20170726;093452","SPDR S&P 500 ETF TRUST","756733",2017-07-26,"USD","ACH",-124,247.59,30701.16,"Interactive Brokers",0.95077,0,0,29190,2
"149","20170726;093452","UNITED TECHNOLOGIES CORP","13364",2017-07-26,"USD","ACH",213,120.3,25623.887,"U1427234",0.95077,0,24362,0,2
"150","20170726;093452","UNITED TECHNOLOGIES CORP","13364",2017-07-26,"USD","VTE",213,120.3,25623.887,"Interactive Brokers",0.95077,0,0,24362,2
"151","20170726;094320","ABB LTD-REG","2682965",2017-07-26,"CHF","ACH",839,22.43,18818.77,"U1427234",1,18819,0,0,2
"152","20170726;094320","ABB LTD-REG","2682965",2017-07-26,"CHF","VTE",839,22.43,18818.77,"Interactive Brokers",1,0,0,18819,2
"153","20170726;094320","BAE SYSTEMS PLC","908964",2017-07-26,"GBP","ACH",2495,6.035,15057.325,"U1427234",1.2477,0,18787,0,2
"154","20170726;094320","BAE SYSTEMS PLC","908964",2017-07-26,"GBP","VTE",2495,6.035,15057.325,"Interactive Brokers",1.2477,0,0,18787,2
"155","20170726;094320","EASYJET PLC","103665937",2017-07-26,"GBP","VTE",-1144,12.72,14551.68,"U1427234",1.2477,0,18156,0,2
"156","20170726;094320","EASYJET PLC","103665937",2017-07-26,"GBP","ACH",-1144,12.72,14551.68,"Interactive Brokers",1.2477,0,0,18156,2
"157","20170726;094320","EIFFAGE","1254491",2017-07-26,"EUR","VTE",-178,81.27,14466.06,"U1427234",1.1156,0,16138,0,2
"158","20170726;094320","EIFFAGE","1254491",2017-07-26,"EUR","ACH",-178,81.27,14466.06,"Interactive Brokers",1.1156,0,0,16138,2
"159","20170726;094320","NESTLE SA-REG","52238348",2017-07-26,"CHF","VTE",-115,82.65,9504.75,"U1427234",1,9505,0,0,2
"160","20170726;094320","NESTLE SA-REG","52238348",2017-07-26,"CHF","ACH",-115,82.65,9504.75,"Interactive Brokers",1,0,0,9505,2
"161","20170726;094321","BAYER AG-REG","68598660",2017-07-26,"EUR","VTE",-133,111.675,14852.775,"U1427234",1.1156,0,16570,0,2
"162","20170726;094321","BAYER AG-REG","68598660",2017-07-26,"EUR","ACH",-133,111.675,14852.775,"Interactive Brokers",1.1156,0,0,16570,2
"163","20170726;094321","BAYERISCHE MOTOREN WERKE AG","14094",2017-07-26,"EUR","ACH",160,79.031,12644.96,"U1427234",1.1156,0,14107,0,2
"164","20170726;094321","BAYERISCHE MOTOREN WERKE AG","14094",2017-07-26,"EUR","VTE",160,79.031,12644.96,"Interactive Brokers",1.1156,0,0,14107,2
"165","20170726;094321","DAIMLER AG-REGISTERED SHARES","29622935",2017-07-26,"EUR","ACH",209,60.393,12622.137,"U1427234",1.1156,0,14081,0,2
"166","20170726;094321","DAIMLER AG-REGISTERED SHARES","29622935",2017-07-26,"EUR","VTE",209,60.393,12622.137,"Interactive Brokers",1.1156,0,0,14081,2
"167","20170726;094321","RENAULT SA","29612183",2017-07-26,"EUR","ACH",206,81.711,16832.466,"U1427234",1.1156,0,18778,0,2
"168","20170726;094321","RENAULT SA","29612183",2017-07-26,"EUR","VTE",206,81.711,16832.466,"Interactive Brokers",1.1156,0,0,18778,2
"169","20170726;094324","KLEPIERRE","1254551",2017-07-26,"EUR","ACH",298,35.296,10518.2,"U1427234",1.1156,0,11734,0,2
"170","20170726;094324","KLEPIERRE","1254551",2017-07-26,"EUR","VTE",298,35.296,10518.2,"Interactive Brokers",1.1156,0,0,11734,2
"171","20170726;094353","BT GROUP PLC","13672206",2017-07-26,"GBP","VTE",-4728,3.108,14694.622,"U1427234",1.2477,0,18334,0,2
"172","20170726;094353","BT GROUP PLC","13672206",2017-07-26,"GBP","ACH",-4728,3.108,14694.622,"Interactive Brokers",1.2477,0,0,18334,2
"173","20170906;033644","CIE FINANCIERE RICHEMONT-REG","134773421",2017-09-06,"CHF","ACH",70,85.8,6006,"U2202020",1,6006,0,0,2
"174","20170906;033644","CIE FINANCIERE RICHEMONT-REG","134773421",2017-09-06,"CHF","VTE",70,85.8,6006,"Interactive Brokers",1,0,0,6006,2
"175","20170906;033644","GIVAUDAN-REG","8945997",2017-09-06,"CHF","ACH",6,1973,11838,"U2202020",1,11838,0,0,2
"176","20170906;033644","GIVAUDAN-REG","8945997",2017-09-06,"CHF","VTE",6,1973,11838,"Interactive Brokers",1,0,0,11838,2
"177","20170906;033645","ADECCO GROUP AG-REG","4636973",2017-09-06,"CHF","ACH",171,69.45,11875.95,"U2202020",1,11876,0,0,2
"178","20170906;033645","ADECCO GROUP AG-REG","4636973",2017-09-06,"CHF","VTE",171,69.45,11875.95,"Interactive Brokers",1,0,0,11876,2
"179","20170906;033645","CREDIT SUISSE GROUP AG-REG","262782",2017-09-06,"CHF","ACH",649,13.77,8936.73,"U2202020",1,8937,0,0,2
"180","20170906;033645","CREDIT SUISSE GROUP AG-REG","262782",2017-09-06,"CHF","VTE",649,13.77,8936.73,"Interactive Brokers",1,0,0,8937,2
"181","20170906;033646","ACTELION LTD-REG","11486223",2017-09-06,"CHF","ACH",23,266,6118,"U2202020",1,6118,0,0,2
"182","20170906;033646","ACTELION LTD-REG","11486223",2017-09-06,"CHF","VTE",23,266,6118,"Interactive Brokers",1,0,0,6118,2
"183","20170906;033646","NESTLE SA-REG","52238348",2017-09-06,"CHF","ACH",74,80.7,5971.8,"U2202020",1,5972,0,0,2
"184","20170906;033646","NESTLE SA-REG","52238348",2017-09-06,"CHF","VTE",74,80.7,5971.8,"Interactive Brokers",1,0,0,5972,2
"185","20170906;033647","LAFARGEHOLCIM LTD-REG","2682979",2017-09-06,"CHF","ACH",213,56.15,11959.95,"U2202020",1,11960,0,0,2
"186","20170906;033647","LAFARGEHOLCIM LTD-REG","2682979",2017-09-06,"CHF","VTE",213,56.15,11959.95,"Interactive Brokers",1,0,0,11960,2
"187","20170906;033647","SULZER AG-REG","50438272",2017-09-06,"CHF","ACH",112,106.6,11939.2,"U2202020",1,11939,0,0,2
"188","20170906;033647","SULZER AG-REG","50438272",2017-09-06,"CHF","VTE",112,106.6,11939.2,"Interactive Brokers",1,0,0,11939,2
"189","20170906;033648","ABB LTD-REG","2682965",2017-09-06,"CHF","ACH",528,22.5,11880,"U2202020",1,11880,0,0,2
"190","20170906;033648","ABB LTD-REG","2682965",2017-09-06,"CHF","VTE",528,22.5,11880,"Interactive Brokers",1,0,0,11880,2
"191","20170906;033648","SWISS RE AG","88414907",2017-09-06,"CHF","ACH",142,83.75,11892.5,"U2202020",1,11892,0,0,2
"192","20170906;033648","SWISS RE AG","88414907",2017-09-06,"CHF","VTE",142,83.75,11892.5,"Interactive Brokers",1,0,0,11892,2
"193","20170906;033649","CLARIANT AG-REG","2309495",2017-09-06,"CHF","ACH",258,22.97,5926.26,"U2202020",1,5926,0,0,2
"194","20170906;033649","CLARIANT AG-REG","2309495",2017-09-06,"CHF","VTE",258,22.97,5926.26,"Interactive Brokers",1,0,0,5926,2
"195","20170906;033649","PARTNERS GROUP HOLDING AG","38577952",2017-09-06,"CHF","ACH",10,614,6140,"U2202020",1,6140,0,0,2
"196","20170906;033649","PARTNERS GROUP HOLDING AG","38577952",2017-09-06,"CHF","VTE",10,614,6140,"Interactive Brokers",1,0,0,6140,2
"197","20170906;033649","ROCHE HOLDING AG-GENUSSCHEIN","228954",2017-09-06,"CHF","ACH",50,241.5,12075,"U2202020",1,12075,0,0,2
"198","20170906;033649","ROCHE HOLDING AG-GENUSSCHEIN","228954",2017-09-06,"CHF","VTE",50,241.5,12075,"Interactive Brokers",1,0,0,12075,2
"199","20170906;033650","LOGITECH INTERNATIONAL-REG","39999891",2017-09-06,"CHF","ACH",356,33.45,11908.2,"U2202020",1,11908,0,0,2
"200","20170906;033650","LOGITECH INTERNATIONAL-REG","39999891",2017-09-06,"CHF","VTE",356,33.45,11908.2,"Interactive Brokers",1,0,0,11908,2
"201","20170906;034053","ABB LTD-REG","2682965",2017-09-06,"CHF","ACH",184,22.53,4145.52,"U2202020",1,4146,0,0,2
"202","20170906;034053","ABB LTD-REG","2682965",2017-09-06,"CHF","VTE",184,22.53,4145.52,"Interactive Brokers",1,0,0,4146,2
"203","20170906;034053","ADECCO GROUP AG-REG","4636973",2017-09-06,"CHF","ACH",55,69.5,3822.5,"U2202020",1,3822,0,0,2
"204","20170906;034053","ADECCO GROUP AG-REG","4636973",2017-09-06,"CHF","VTE",55,69.5,3822.5,"Interactive Brokers",1,0,0,3822,2
"205","20170906;034053","AIRBUS SE","29612256",2017-09-06,"EUR","ACH",33,70.75,2334.75,"U2202020",1.1401,0,2662,0,2
"206","20170906;034053","AIRBUS SE","29612256",2017-09-06,"EUR","VTE",33,70.75,2334.75,"Interactive Brokers",1.1401,0,0,2662,2
"207","20170906;034053","ASML HOLDING NV","117589399",2017-09-06,"EUR","ACH",26,130.145,3383.77,"U2202020",1.1401,0,3858,0,2
"208","20170906;034053","ASML HOLDING NV","117589399",2017-09-06,"EUR","VTE",26,130.145,3383.77,"Interactive Brokers",1.1401,0,0,3858,2
"209","20170906;034053","BAE SYSTEMS PLC","908964",2017-09-06,"GBP","ACH",546,6.045,3300.57,"U2202020",1.2478,0,4118,0,2
"210","20170906;034053","BAE SYSTEMS PLC","908964",2017-09-06,"GBP","VTE",546,6.045,3300.57,"Interactive Brokers",1.2478,0,0,4118,2
"211","20170906;034053","BASF SE","77680640",2017-09-06,"EUR","ACH",37,82.32,3045.84,"U2202020",1.1401,0,3473,0,2
"212","20170906;034053","BASF SE","77680640",2017-09-06,"EUR","VTE",37,82.32,3045.84,"Interactive Brokers",1.1401,0,0,3473,2
"213","20170906;034053","BP PLC","228891",2017-09-06,"GBP","ACH",480,4.448,2135.04,"U2202020",1.2478,0,2664,0,2
"214","20170906;034053","BP PLC","228891",2017-09-06,"GBP","VTE",480,4.448,2135.04,"Interactive Brokers",1.2478,0,0,2664,2
"215","20170906;034053","DEUTSCHE WOHNEN SE","40064795",2017-09-06,"EUR","ACH",35,34.92,1222.2,"U2202020",1.1401,0,1393,0,2
"216","20170906;034053","DEUTSCHE WOHNEN SE","40064795",2017-09-06,"EUR","VTE",35,34.92,1222.2,"Interactive Brokers",1.1401,0,0,1393,2
"217","20170906;034053","GECINA SA","1411212",2017-09-06,"EUR","ACH",9,130.3,1172.7,"U2202020",1.1401,0,1337,0,2
"218","20170906;034053","GECINA SA","1411212",2017-09-06,"EUR","VTE",9,130.3,1172.7,"Interactive Brokers",1.1401,0,0,1337,2
"219","20170906;034053","NOVARTIS AG-REG","1615110",2017-09-06,"CHF","ACH",47,79.75,3748.25,"U2202020",1,3748,0,0,2
"220","20170906;034053","NOVARTIS AG-REG","1615110",2017-09-06,"CHF","VTE",47,79.75,3748.25,"Interactive Brokers",1,0,0,3748,2
"221","20170906;034053","RENAULT SA","29612183",2017-09-06,"EUR","ACH",45,76.14,3426.3,"U2202020",1.1401,0,3906,0,2
"222","20170906;034053","RENAULT SA","29612183",2017-09-06,"EUR","VTE",45,76.14,3426.3,"Interactive Brokers",1.1401,0,0,3906,2
"223","20170906;034053","ROCHE HOLDING AG-GENUSSCHEIN","228954",2017-09-06,"CHF","ACH",14,241.7,3383.8,"U2202020",1,3384,0,0,2
"224","20170906;034053","ROCHE HOLDING AG-GENUSSCHEIN","228954",2017-09-06,"CHF","VTE",14,241.7,3383.8,"Interactive Brokers",1,0,0,3384,2
"225","20170906;034053","ROYAL DUTCH SHELL PLC-A SHS","35150657",2017-09-06,"EUR","ACH",218,23.29,5077.22,"U2202020",1.1401,0,5789,0,2
"226","20170906;034053","ROYAL DUTCH SHELL PLC-A SHS","35150657",2017-09-06,"EUR","VTE",218,23.29,5077.22,"Interactive Brokers",1.1401,0,0,5789,2
"227","20170906;034053","VONOVIA SE","130946869",2017-09-06,"EUR","ACH",34,35.266,1199.044,"U2202020",1.1401,0,1367,0,2
"228","20170906;034053","VONOVIA SE","130946869",2017-09-06,"EUR","VTE",34,35.266,1199.044,"Interactive Brokers",1.1401,0,0,1367,2
"229","20170906;034054","AXA SA","29612141",2017-09-06,"EUR","ACH",140,23.903,3346.42,"U2202020",1.1401,0,3815,0,2
"230","20170906;034054","AXA SA","29612141",2017-09-06,"EUR","VTE",140,23.903,3346.42,"Interactive Brokers",1.1401,0,0,3815,2
"231","20170906;034054","BAYER AG-REG","68598660",2017-09-06,"EUR","ACH",29,106.996,3102.884,"U2202020",1.1401,0,3538,0,2
"232","20170906;034054","BAYER AG-REG","68598660",2017-09-06,"EUR","VTE",29,106.996,3102.884,"Interactive Brokers",1.1401,0,0,3538,2
"233","20170906;034054","BAYERISCHE MOTOREN WERKE AG","14094",2017-09-06,"EUR","ACH",35,81.531,2853.585,"U2202020",1.1401,0,3253,0,2
"234","20170906;034054","BAYERISCHE MOTOREN WERKE AG","14094",2017-09-06,"EUR","VTE",35,81.531,2853.585,"Interactive Brokers",1.1401,0,0,3253,2
"235","20170906;034054","BNP PARIBAS","29612163",2017-09-06,"EUR","ACH",47,62.546,2939.662,"U2202020",1.1401,0,3352,0,2
"236","20170906;034054","BNP PARIBAS","29612163",2017-09-06,"EUR","VTE",47,62.546,2939.662,"Interactive Brokers",1.1401,0,0,3352,2
"237","20170906;034054","CARREFOUR SA","29612172",2017-09-06,"EUR","ACH",152,16.798,2553.296,"U2202020",1.1401,0,2911,0,2
"238","20170906;034054","CARREFOUR SA","29612172",2017-09-06,"EUR","VTE",152,16.798,2553.296,"Interactive Brokers",1.1401,0,0,2911,2
"239","20170906;034054","COMPAGNIE DE SAINT-GOBAIN","29612189",2017-09-06,"EUR","ACH",57,46.111,2628.327,"U2202020",1.1401,0,2997,0,2
"240","20170906;034054","COMPAGNIE DE SAINT-GOBAIN","29612189",2017-09-06,"EUR","VTE",57,46.111,2628.327,"Interactive Brokers",1.1401,0,0,2997,2
"241","20170906;034054","DAIMLER AG-REGISTERED SHARES","29622935",2017-09-06,"EUR","ACH",46,63.846,2936.916,"U2202020",1.1401,0,3348,0,2
"242","20170906;034054","DAIMLER AG-REGISTERED SHARES","29622935",2017-09-06,"EUR","VTE",46,63.846,2936.916,"Interactive Brokers",1.1401,0,0,3348,2
"243","20170906;034054","DASSAULT SYSTEMES SA","2953175",2017-09-06,"EUR","ACH",40,83.68,3347.2,"U2202020",1.1401,0,3816,0,2
"244","20170906;034054","DASSAULT SYSTEMES SA","2953175",2017-09-06,"EUR","VTE",40,83.68,3347.2,"Interactive Brokers",1.1401,0,0,3816,2
"245","20170906;034054","DBX WORLD FINANCIALS 1C","227264014",2017-09-06,"EUR","ACH",206,14.924,3074.344,"U2202020",1.1401,0,3505,0,2
"246","20170906;034054","DBX WORLD FINANCIALS 1C","227264014",2017-09-06,"EUR","VTE",206,14.924,3074.344,"Interactive Brokers",1.1401,0,0,3505,2
"247","20170906;034054","KLEPIERRE","1254551",2017-09-06,"EUR","ACH",66,33.306,2198.196,"U2202020",1.1401,0,2506,0,2
"248","20170906;034054","KLEPIERRE","1254551",2017-09-06,"EUR","VTE",66,33.306,2198.196,"Interactive Brokers",1.1401,0,0,2506,2
"249","20170906;034054","KONINKLIJKE AHOLD DELHAIZE N","240486295",2017-09-06,"EUR","ACH",167,15.053,2513.851,"U2202020",1.1401,0,2866,0,2
"250","20170906;034054","KONINKLIJKE AHOLD DELHAIZE N","240486295",2017-09-06,"EUR","VTE",167,15.053,2513.851,"Interactive Brokers",1.1401,0,0,2866,2
"251","20170906;034054","SIEMENS AG-REG","14217",2017-09-06,"EUR","ACH",19,111.976,2127.544,"U2202020",1.1401,0,2426,0,2
"252","20170906;034054","SIEMENS AG-REG","14217",2017-09-06,"EUR","VTE",19,111.976,2127.544,"Interactive Brokers",1.1401,0,0,2426,2
"253","20170906;034054","SOLVAY SA","228869",2017-09-06,"EUR","ACH",30,121.976,3659.28,"U2202020",1.1401,0,4172,0,2
"254","20170906;034054","SOLVAY SA","228869",2017-09-06,"EUR","VTE",30,121.976,3659.28,"Interactive Brokers",1.1401,0,0,4172,2
"255","20170906;034054","UNIBAIL-RODAMCO SE","1411503",2017-09-06,"EUR","ACH",10,208.45,2084.5,"U2202020",1.1401,0,2377,0,2
"256","20170906;034054","UNIBAIL-RODAMCO SE","1411503",2017-09-06,"EUR","VTE",10,208.45,2084.5,"Interactive Brokers",1.1401,0,0,2377,2
"257","20170906;034054","VOLKSWAGEN AG-PREF","14237",2017-09-06,"EUR","ACH",18,130.001,2340.018,"U2202020",1.1401,0,2668,0,2
"258","20170906;034054","VOLKSWAGEN AG-PREF","14237",2017-09-06,"EUR","VTE",18,130.001,2340.018,"Interactive Brokers",1.1401,0,0,2668,2
"259","20170906;034549","ABB LTD-REG","2682965",2017-09-06,"CHF","ACH",253,22.54,5702.62,"U1427234",1,5703,0,0,2
"260","20170906;034549","ABB LTD-REG","2682965",2017-09-06,"CHF","VTE",253,22.54,5702.62,"Interactive Brokers",1,0,0,5703,2
"261","20170906;034549","ACTELION LTD-REG","11486223",2017-09-06,"CHF","ACH",11,266,2926,"U1427234",1,2926,0,0,2
"262","20170906;034549","ACTELION LTD-REG","11486223",2017-09-06,"CHF","VTE",11,266,2926,"Interactive Brokers",1,0,0,2926,2
"263","20170906;034549","ADECCO GROUP AG-REG","4636973",2017-09-06,"CHF","ACH",82,69.6,5707.2,"U1427234",1,5707,0,0,2
"264","20170906;034549","ADECCO GROUP AG-REG","4636973",2017-09-06,"CHF","VTE",82,69.6,5707.2,"Interactive Brokers",1,0,0,5707,2
"265","20170906;034549","CIE FINANCIERE RICHEMONT-REG","134773421",2017-09-06,"CHF","ACH",34,85.8,2917.2,"U1427234",1,2917,0,0,2
"266","20170906;034549","CIE FINANCIERE RICHEMONT-REG","134773421",2017-09-06,"CHF","VTE",34,85.8,2917.2,"Interactive Brokers",1,0,0,2917,2
"267","20170906;034549","CLARIANT AG-REG","2309495",2017-09-06,"CHF","ACH",124,22.99,2850.76,"U1427234",1,2851,0,0,2
"268","20170906;034549","CLARIANT AG-REG","2309495",2017-09-06,"CHF","VTE",124,22.99,2850.76,"Interactive Brokers",1,0,0,2851,2
"269","20170906;034549","CREDIT SUISSE GROUP AG-REG","262782",2017-09-06,"CHF","ACH",312,13.81,4308.72,"U1427234",1,4309,0,0,2
"270","20170906;034549","CREDIT SUISSE GROUP AG-REG","262782",2017-09-06,"CHF","VTE",312,13.81,4308.72,"Interactive Brokers",1,0,0,4309,2
"271","20170906;034549","GIVAUDAN-REG","8945997",2017-09-06,"CHF","ACH",3,1973,5919,"U1427234",1,5919,0,0,2
"272","20170906;034549","GIVAUDAN-REG","8945997",2017-09-06,"CHF","VTE",3,1973,5919,"Interactive Brokers",1,0,0,5919,2
"273","20170906;034549","LAFARGEHOLCIM LTD-REG","2682979",2017-09-06,"CHF","ACH",102,56.2,5732.4,"U1427234",1,5732,0,0,2
"274","20170906;034549","LAFARGEHOLCIM LTD-REG","2682979",2017-09-06,"CHF","VTE",102,56.2,5732.4,"Interactive Brokers",1,0,0,5732,2
"275","20170906;034549","LOGITECH INTERNATIONAL-REG","39999891",2017-09-06,"CHF","ACH",171,33.5,5728.5,"U1427234",1,5728,0,0,2
"276","20170906;034549","LOGITECH INTERNATIONAL-REG","39999891",2017-09-06,"CHF","VTE",171,33.5,5728.5,"Interactive Brokers",1,0,0,5728,2
"277","20170906;034549","NESTLE SA-REG","52238348",2017-09-06,"CHF","ACH",36,80.8,2908.8,"U1427234",1,2909,0,0,2
"278","20170906;034549","NESTLE SA-REG","52238348",2017-09-06,"CHF","VTE",36,80.8,2908.8,"Interactive Brokers",1,0,0,2909,2
"279","20170906;034549","PARTNERS GROUP HOLDING AG","38577952",2017-09-06,"CHF","ACH",5,614.5,3072.5,"U1427234",1,3072,0,0,2
"280","20170906;034549","PARTNERS GROUP HOLDING AG","38577952",2017-09-06,"CHF","VTE",5,614.5,3072.5,"Interactive Brokers",1,0,0,3072,2
"281","20170906;034549","ROCHE HOLDING AG-GENUSSCHEIN","228954",2017-09-06,"CHF","ACH",24,241.9,5805.6,"U1427234",1,5806,0,0,2
"282","20170906;034549","ROCHE HOLDING AG-GENUSSCHEIN","228954",2017-09-06,"CHF","VTE",24,241.9,5805.6,"Interactive Brokers",1,0,0,5806,2
"283","20170906;034549","SULZER AG-REG","50438272",2017-09-06,"CHF","ACH",54,106.7,5761.8,"U1427234",1,5762,0,0,2
"284","20170906;034549","SULZER AG-REG","50438272",2017-09-06,"CHF","VTE",54,106.7,5761.8,"Interactive Brokers",1,0,0,5762,2
"285","20170906;034549","SWISS RE AG","88414907",2017-09-06,"CHF","ACH",68,83.65,5688.2,"U1427234",1,5688,0,0,2
"286","20170906;034549","SWISS RE AG","88414907",2017-09-06,"CHF","VTE",68,83.65,5688.2,"Interactive Brokers",1,0,0,5688,2
"287","20170906;035324","UBS GROUP AG-REG","170187395",2017-09-06,"CHF","ACH",580,15.51,8995.8,"U2202020",1,8996,0,0,3
"288","20170906;035324","UBS GROUP AG-REG","170187395",2017-09-06,"CHF","ACH",276,15.51,4280.76,"U1427234",1,4281,0,0,3
"289","20170906;035324","UBS GROUP AG-REG","170187395",2017-09-06,"CHF","VTE",856,15.51,13276.56,"Interactive Brokers",1,0,0,13277,3
"290","20170906;035325","NOVARTIS AG-REG","1615110",2017-09-06,"CHF","ACH",75,79.7,5977.5,"U2202020",1,5978,0,0,3
"291","20170906;035325","NOVARTIS AG-REG","1615110",2017-09-06,"CHF","ACH",35,79.7,2789.5,"U1427234",1,2790,0,0,3
"292","20170906;035325","NOVARTIS AG-REG","1615110",2017-09-06,"CHF","VTE",110,79.7,8767,"Interactive Brokers",1,0,0,8768,3
"293","20170906;053528","ARKEMA","38980618",2017-09-06,"EUR","ACH",39,92.79,3618.81,"U2202020",1.1401,0,4126,0,3
"294","20170906;053528","ARKEMA","38980618",2017-09-06,"EUR","ACH",181,92.79,16794.99,"U1427234",1.1401,0,19148,0,3
"295","20170906;053528","ARKEMA","38980618",2017-09-06,"EUR","VTE",220,92.79,20413.8,"Interactive Brokers",1.1401,0,0,23274,3
"296","20170906;093757","ABBVIE INC","118089500",2017-09-06,"USD","ACH",95,75.56,7178.2,"U2202020",0.95668,0,6867,0,2
"297","20170906;093757","ABBVIE INC","118089500",2017-09-06,"USD","VTE",95,75.56,7178.2,"Interactive Brokers",0.95668,0,0,6867,2
"298","20170906;093757","AMAZON.COM INC","3691937",2017-09-06,"USD","ACH",14,968.38,13557.32,"U2202020",0.95668,0,12970,0,2
"299","20170906;093757","AMAZON.COM INC","3691937",2017-09-06,"USD","VTE",14,968.38,13557.32,"Interactive Brokers",0.95668,0,0,12970,2
"300","20170906;093757","CA INC","37875225",2017-09-06,"USD","ACH",175,32.979,5771.325,"U2202020",0.95668,0,5521,0,2
"301","20170906;093757","CA INC","37875225",2017-09-06,"USD","VTE",175,32.979,5771.325,"Interactive Brokers",0.95668,0,0,5521,2
"302","20170906;093757","CISCO SYSTEMS INC","268084",2017-09-06,"USD","ACH",264,31.74,8379.25,"U2202020",0.95668,0,8016,0,2
"303","20170906;093757","CISCO SYSTEMS INC","268084",2017-09-06,"USD","VTE",264,31.74,8379.25,"Interactive Brokers",0.95668,0,0,8016,2
"304","20170906;093757","CORNING INC","7655",2017-09-06,"USD","ACH",181,28.72,5198.24,"U2202020",0.95668,0,4973,0,2
"305","20170906;093757","CORNING INC","7655",2017-09-06,"USD","VTE",181,28.72,5198.24,"Interactive Brokers",0.95668,0,0,4973,2
"306","20170906;093757","ELI LILLY & CO","9160",2017-09-06,"USD","ACH",67,80.109,5367.303,"U2202020",0.95668,0,5135,0,2
"307","20170906;093757","ELI LILLY & CO","9160",2017-09-06,"USD","VTE",67,80.109,5367.303,"Interactive Brokers",0.95668,0,0,5135,2
"308","20170906;093757","EXXON MOBIL CORP","13977",2017-09-06,"USD","ACH",65,77.97,5068.0435,"U2202020",0.95668,0,4848,0,2
"309","20170906;093757","EXXON MOBIL CORP","13977",2017-09-06,"USD","VTE",65,77.97,5068.0435,"Interactive Brokers",0.95668,0,0,4848,2
"310","20170906;093757","GENERAL ELECTRIC CO","7516",2017-09-06,"USD","ACH",364,24.92,9070.77,"U2202020",0.95668,0,8678,0,2
"311","20170906;093757","GENERAL ELECTRIC CO","7516",2017-09-06,"USD","VTE",364,24.92,9070.77,"Interactive Brokers",0.95668,0,0,8678,2
"312","20170906;093757","GENERAL MILLS INC","7616",2017-09-06,"USD","ACH",148,53.903,7977.6752,"U2202020",0.95668,0,7632,0,2
"313","20170906;093757","GENERAL MILLS INC","7616",2017-09-06,"USD","VTE",148,53.903,7977.6752,"Interactive Brokers",0.95668,0,0,7632,2
"314","20170906;093757","GENERAL MOTORS CO","80986742",2017-09-06,"USD","ACH",274,37.419,10252.86,"U2202020",0.95668,0,9809,0,2
"315","20170906;093757","GENERAL MOTORS CO","80986742",2017-09-06,"USD","VTE",274,37.419,10252.86,"Interactive Brokers",0.95668,0,0,9809,2
"316","20170906;093757","GILEAD SCIENCES INC","269753",2017-09-06,"USD","ACH",68,82.959,5641.212,"U2202020",0.95668,0,5397,0,2
"317","20170906;093757","GILEAD SCIENCES INC","269753",2017-09-06,"USD","VTE",68,82.959,5641.212,"Interactive Brokers",0.95668,0,0,5397,2
"318","20170906;093757","INTEL CORP","270639",2017-09-06,"USD","ACH",297,35.209,10457.18,"U2202020",0.95668,0,10004,0,2
"319","20170906;093757","INTEL CORP","270639",2017-09-06,"USD","VTE",297,35.209,10457.18,"Interactive Brokers",0.95668,0,0,10004,2
"320","20170906;093757","JOHNSON & JOHNSON","8719",2017-09-06,"USD","ACH",60,130.4,7824,"U2202020",0.95668,0,7485,0,2
"321","20170906;093757","JOHNSON & JOHNSON","8719",2017-09-06,"USD","VTE",60,130.4,7824,"Interactive Brokers",0.95668,0,0,7485,2
"322","20170906;093757","KLA-TENCOR CORP","270957",2017-09-06,"USD","ACH",52,93.559,4865.068,"U2202020",0.95668,0,4654,0,2
"323","20170906;093757","KLA-TENCOR CORP","270957",2017-09-06,"USD","VTE",52,93.559,4865.068,"Interactive Brokers",0.95668,0,0,4654,2
"324","20170906;093757","LAM RESEARCH CORP","271308",2017-09-06,"USD","ACH",35,164.58,5760.3,"U2202020",0.95668,0,5511,0,2
"325","20170906;093757","LAM RESEARCH CORP","271308",2017-09-06,"USD","VTE",35,164.58,5760.3,"Interactive Brokers",0.95668,0,0,5511,2
"326","20170906;093757","MERCK & CO INC","70101545",2017-09-06,"USD","ACH",129,64.08,8266.32,"U2202020",0.95668,0,7908,0,2
"327","20170906;093757","MERCK & CO INC","70101545",2017-09-06,"USD","VTE",129,64.08,8266.32,"Interactive Brokers",0.95668,0,0,7908,2
"328","20170906;093757","MICHAEL KORS HOLDINGS LTD","98606948",2017-09-06,"USD","ACH",166,42.779,7101.314,"U2202020",0.95668,0,6794,0,2
"329","20170906;093757","MICHAEL KORS HOLDINGS LTD","98606948",2017-09-06,"USD","VTE",166,42.779,7101.314,"Interactive Brokers",0.95668,0,0,6794,2
"330","20170906;093757","PACCAR INC","272992",2017-09-06,"USD","ACH",49,65.48,3208.52,"U2202020",0.95668,0,3070,0,2
"331","20170906;093757","PACCAR INC","272992",2017-09-06,"USD","VTE",49,65.48,3208.52,"Interactive Brokers",0.95668,0,0,3070,2
"332","20170906;093757","PFIZER INC","11031",2017-09-06,"USD","ACH",261,33.989,8871.23,"U2202020",0.95668,0,8487,0,2
"333","20170906;093757","PFIZER INC","11031",2017-09-06,"USD","VTE",261,33.989,8871.23,"Interactive Brokers",0.95668,0,0,8487,2
"334","20170906;093757","QUALCOMM INC","273544",2017-09-06,"USD","ACH",244,50.01,12202.44,"U2202020",0.95668,0,11674,0,2
"335","20170906;093757","QUALCOMM INC","273544",2017-09-06,"USD","VTE",244,50.01,12202.44,"Interactive Brokers",0.95668,0,0,11674,2
"336","20170906;093757","SPDR S&P 500 ETF TRUST","756733",2017-09-06,"USD","ACH",86,246.64,21211.04,"U2202020",0.95668,0,20292,0,2
"337","20170906;093757","SPDR S&P 500 ETF TRUST","756733",2017-09-06,"USD","VTE",86,246.64,21211.04,"Interactive Brokers",0.95668,0,0,20292,2
"338","20170906;093757","UNITED TECHNOLOGIES CORP","13364",2017-09-06,"USD","ACH",70,110.5,7735,"U2202020",0.95668,0,7400,0,2
"339","20170906;093757","UNITED TECHNOLOGIES CORP","13364",2017-09-06,"USD","VTE",70,110.5,7735,"Interactive Brokers",0.95668,0,0,7400,2
"340","20170906;105314","EXXON MOBIL CORP","13977",2017-09-06,"USD","ACH",42,78.46,3295.32,"U2202020",0.95668,0,3153,0,3
"341","20170906;105314","EXXON MOBIL CORP","13977",2017-09-06,"USD","ACH",132,78.46,10356.72,"U1427234",0.95668,0,9908,0,3
"342","20170906;105314","EXXON MOBIL CORP","13977",2017-09-06,"USD","VTE",174,78.46,13652.04,"Interactive Brokers",0.95668,0,0,13061,3
"343","20170906;163500","APPLIED MATERIALS INC","266093",2017-09-06,"USD","ACH",188,44.319,8332.036864921,"U2202020",0.95668,0,7971,0,3
"344","20170906;163500","APPLIED MATERIALS INC","266093",2017-09-06,"USD","ACH",576,44.319,25527.942735079,"U1427234",0.95668,0,24422,0,3
"345","20170906;163500","APPLIED MATERIALS INC","266093",2017-09-06,"USD","VTE",764,44.319,33859.9796,"Interactive Brokers",0.95668,0,0,32393,3
"346","20170906;163500","EMERSON ELECTRIC CO","6842",2017-09-06,"USD","ACH",136,59.089,8036.152218182,"U2202020",0.95668,0,7688,0,3
"347","20170906;163500","EMERSON ELECTRIC CO","6842",2017-09-06,"USD","ACH",414,59.089,24462.992781818,"U1427234",0.95668,0,23403,0,3
"348","20170906;163500","EMERSON ELECTRIC CO","6842",2017-09-06,"USD","VTE",550,59.089,32499.145,"Interactive Brokers",0.95668,0,0,31091,3
"349","20170911;030711","ABB LTD-REG","2682965",2017-09-11,"CHF","ACH",743,22.85,16977.55,"U2202020",1,16978,0,0,2
"350","20170911;030711","ABB LTD-REG","2682965",2017-09-11,"CHF","VTE",743,22.85,16977.55,"Interactive Brokers",1,0,0,16978,2
"351","20170911;030711","ADECCO GROUP AG-REG","4636973",2017-09-11,"CHF","ACH",241,70.95,17098.95,"U2202020",1,17099,0,0,2
"352","20170911;030711","ADECCO GROUP AG-REG","4636973",2017-09-11,"CHF","VTE",241,70.95,17098.95,"Interactive Brokers",1,0,0,17099,2
"353","20170911;030711","CIE FINANCIERE RICHEMONT-REG","134773421",2017-09-11,"CHF","ACH",97,87.4,8477.8,"U2202020",1,8478,0,0,2
"354","20170911;030711","CIE FINANCIERE RICHEMONT-REG","134773421",2017-09-11,"CHF","VTE",97,87.4,8477.8,"Interactive Brokers",1,0,0,8478,2
"355","20170911;030711","CLARIANT AG-REG","2309495",2017-09-11,"CHF","ACH",362,23.09,8358.58,"U2202020",1,8359,0,0,2
"356","20170911;030711","CLARIANT AG-REG","2309495",2017-09-11,"CHF","VTE",362,23.09,8358.58,"Interactive Brokers",1,0,0,8359,2
"357","20170911;030711","CREDIT SUISSE GROUP AG-REG","262782",2017-09-11,"CHF","ACH",914,14.14,12923.96,"U2202020",1,12924,0,0,2
"358","20170911;030711","CREDIT SUISSE GROUP AG-REG","262782",2017-09-11,"CHF","VTE",914,14.14,12923.96,"Interactive Brokers",1,0,0,12924,2
"359","20170911;030711","GIVAUDAN-REG","8945997",2017-09-11,"CHF","ACH",9,2018,18162,"U2202020",1,18162,0,0,2
"360","20170911;030711","GIVAUDAN-REG","8945997",2017-09-11,"CHF","VTE",9,2018,18162,"Interactive Brokers",1,0,0,18162,2
"361","20170911;030711","LAFARGEHOLCIM LTD-REG","2682979",2017-09-11,"CHF","ACH",299,56.95,17028.05,"U2202020",1,17028,0,0,2
"362","20170911;030711","LAFARGEHOLCIM LTD-REG","2682979",2017-09-11,"CHF","VTE",299,56.95,17028.05,"Interactive Brokers",1,0,0,17028,2
"363","20170911;030711","LOGITECH INTERNATIONAL-REG","39999891",2017-09-11,"CHF","ACH",499,34.2,17065.8,"U2202020",1,17066,0,0,2
"364","20170911;030711","LOGITECH INTERNATIONAL-REG","39999891",2017-09-11,"CHF","VTE",499,34.2,17065.8,"Interactive Brokers",1,0,0,17066,2
"365","20170911;030711","NESTLE SA-REG","52238348",2017-09-11,"CHF","ACH",103,80.95,8337.85,"U2202020",1,8338,0,0,2
"366","20170911;030711","NESTLE SA-REG","52238348",2017-09-11,"CHF","VTE",103,80.95,8337.85,"Interactive Brokers",1,0,0,8338,2
"367","20170911;030711","NOVARTIS AG-REG","1615110",2017-09-11,"CHF","ACH",103,81.2,8363.6,"U2202020",1,8364,0,0,2
"368","20170911;030711","NOVARTIS AG-REG","1615110",2017-09-11,"CHF","VTE",103,81.2,8363.6,"Interactive Brokers",1,0,0,8364,2
"369","20170911;030711","PARTNERS GROUP HOLDING AG","38577952",2017-09-11,"CHF","ACH",14,622,8708,"U2202020",1,8708,0,0,2
"370","20170911;030711","PARTNERS GROUP HOLDING AG","38577952",2017-09-11,"CHF","VTE",14,622,8708,"Interactive Brokers",1,0,0,8708,2
"371","20170911;030711","ROCHE HOLDING AG-GENUSSCHEIN","228954",2017-09-11,"CHF","ACH",69,242.9,16760.1,"U2202020",1,16760,0,0,2
"372","20170911;030711","ROCHE HOLDING AG-GENUSSCHEIN","228954",2017-09-11,"CHF","VTE",69,242.9,16760.1,"Interactive Brokers",1,0,0,16760,2
"373","20170911;030711","SULZER AG-REG","50438272",2017-09-11,"CHF","ACH",156,107.6,16785.6,"U2202020",1,16786,0,0,2
"374","20170911;030711","SULZER AG-REG","50438272",2017-09-11,"CHF","VTE",156,107.6,16785.6,"Interactive Brokers",1,0,0,16786,2
"375","20170911;030711","SWISS RE AG","88414907",2017-09-11,"CHF","ACH",199,86.35,17183.65,"U2202020",1,17184,0,0,2
"376","20170911;030711","SWISS RE AG","88414907",2017-09-11,"CHF","VTE",199,86.35,17183.65,"Interactive Brokers",1,0,0,17184,2
"377","20170911;030711","UBS GROUP AG-REG","170187395",2017-09-11,"CHF","ACH",802,15.74,12623.48,"U2202020",1,12623,0,0,2
"378","20170911;030711","UBS GROUP AG-REG","170187395",2017-09-11,"CHF","VTE",802,15.74,12623.48,"Interactive Brokers",1,0,0,12623,2
"379","20170911;030758","ACTELION LTD-REG","11486223",2017-09-11,"CHF","ACH",31,265,8215,"U2202020",1,8215,0,0,2
"380","20170911;030758","ACTELION LTD-REG","11486223",2017-09-11,"CHF","VTE",31,265,8215,"Interactive Brokers",1,0,0,8215,2
"381","20170911;032352","ABB LTD-REG","2682965",2017-09-11,"CHF","VTE",-184,22.91,4215.44,"U2202020",1,4215,0,0,3
"382","20170911;032352","ABB LTD-REG","2682965",2017-09-11,"CHF","VTE",-839,22.91,19221.49,"U1427234",1,19221,0,0,3
"383","20170911;032352","ABB LTD-REG","2682965",2017-09-11,"CHF","ACH",-1023,22.91,23436.93,"Interactive Brokers",1,0,0,23436,3
"384","20170911;032352","ADECCO GROUP AG-REG","4636973",2017-09-11,"CHF","VTE",-55,71.05,3907.75,"U2202020",1,3908,0,0,3
"385","20170911;032352","ADECCO GROUP AG-REG","4636973",2017-09-11,"CHF","VTE",-251,71.05,17833.55,"U1427234",1,17834,0,0,3
"386","20170911;032352","ADECCO GROUP AG-REG","4636973",2017-09-11,"CHF","ACH",-306,71.05,21741.3,"Interactive Brokers",1,0,0,21742,3
"387","20170911;032352","NOVARTIS AG-REG","1615110",2017-09-11,"CHF","VTE",-47,81,3807,"U2202020",1,3807,0,0,3
"388","20170911;032352","NOVARTIS AG-REG","1615110",2017-09-11,"CHF","VTE",-239,81,19359,"U1427234",1,19359,0,0,3
"389","20170911;032352","NOVARTIS AG-REG","1615110",2017-09-11,"CHF","ACH",-286,81,23166,"Interactive Brokers",1,0,0,23166,3
"390","20170911;032352","ROCHE HOLDING AG-GENUSSCHEIN","228954",2017-09-11,"CHF","VTE",-14,241.9,3386.6,"U2202020",1,3387,0,0,3
"391","20170911;032352","ROCHE HOLDING AG-GENUSSCHEIN","228954",2017-09-11,"CHF","VTE",-71,241.9,17174.9,"U1427234",1,17175,0,0,3
"392","20170911;032352","ROCHE HOLDING AG-GENUSSCHEIN","228954",2017-09-11,"CHF","ACH",-85,241.9,20561.5,"Interactive Brokers",1,0,0,20562,3
"393","20170911;032353","DBX WORLD FINANCIALS 1C","227264014",2017-09-11,"EUR","ACH",218,14.959,3261.062,"U1427234",1.1431,0,3728,0,2
"394","20170911;032353","DBX WORLD FINANCIALS 1C","227264014",2017-09-11,"EUR","VTE",218,14.959,3261.062,"Interactive Brokers",1.1431,0,0,3728,2
"395","20170911;034037","AIRBUS SE","29612256",2017-09-11,"EUR","VTE",-61,71.195,4342.895,"U1427234",1.1431,0,4964,0,2
"396","20170911;034037","AIRBUS SE","29612256",2017-09-11,"EUR","ACH",-61,71.195,4342.895,"Interactive Brokers",1.1431,0,0,4964,2
"397","20170911;034037","ARKEMA","38980618",2017-09-11,"EUR","VTE",-45,94.53,4253.85,"U1427234",1.1431,0,4863,0,2
"398","20170911;034037","ARKEMA","38980618",2017-09-11,"EUR","ACH",-45,94.53,4253.85,"Interactive Brokers",1.1431,0,0,4863,2
"399","20170911;034037","ASML HOLDING NV","117589399",2017-09-11,"EUR","VTE",-53,133.905,7096.965,"U1427234",1.1431,0,8113,0,2
"400","20170911;034037","ASML HOLDING NV","117589399",2017-09-11,"EUR","ACH",-53,133.905,7096.965,"Interactive Brokers",1.1431,0,0,8113,2
"401","20170911;034037","AXA SA","29612141",2017-09-11,"EUR","VTE",-231,24.347,5624.157,"U1427234",1.1431,0,6429,0,2
"402","20170911;034037","AXA SA","29612141",2017-09-11,"EUR","ACH",-231,24.347,5624.157,"Interactive Brokers",1.1431,0,0,6429,2
"403","20170911;034037","BAE SYSTEMS PLC","908964",2017-09-11,"GBP","VTE",-593,5.995,3555.035,"U1427234",1.2589,0,4475,0,2
"404","20170911;034037","BAE SYSTEMS PLC","908964",2017-09-11,"GBP","ACH",-593,5.995,3555.035,"Interactive Brokers",1.2589,0,0,4475,2
"405","20170911;034037","BASF SE","77680640",2017-09-11,"EUR","VTE",-74,85.19,6304.06,"U1427234",1.1431,0,7206,0,2
"406","20170911;034037","BASF SE","77680640",2017-09-11,"EUR","ACH",-74,85.19,6304.06,"Interactive Brokers",1.1431,0,0,7206,2
"407","20170911;034037","BAYER AG-REG","68598660",2017-09-11,"EUR","VTE",-32,109.075,3490.4,"U1427234",1.1431,0,3990,0,2
"408","20170911;034037","BAYER AG-REG","68598660",2017-09-11,"EUR","ACH",-32,109.075,3490.4,"Interactive Brokers",1.1431,0,0,3990,2
"409","20170911;034037","BAYERISCHE MOTOREN WERKE AG","14094",2017-09-11,"EUR","VTE",-38,82.86,3148.68,"U1427234",1.1431,0,3599,0,2
"410","20170911;034037","BAYERISCHE MOTOREN WERKE AG","14094",2017-09-11,"EUR","ACH",-38,82.86,3148.68,"Interactive Brokers",1.1431,0,0,3599,2
"411","20170911;034037","BNP PARIBAS","29612163",2017-09-11,"EUR","VTE",-55,63.55,3495.25,"U1427234",1.1431,0,3995,0,2
"412","20170911;034037","BNP PARIBAS","29612163",2017-09-11,"EUR","ACH",-55,63.55,3495.25,"Interactive Brokers",1.1431,0,0,3995,2
"413","20170911;034037","BP PLC","228891",2017-09-11,"GBP","VTE",-578,4.482,2590.596,"U1427234",1.2589,0,3261,0,2
"414","20170911;034037","BP PLC","228891",2017-09-11,"GBP","ACH",-578,4.482,2590.596,"Interactive Brokers",1.2589,0,0,3261,2
"415","20170911;034037","CARREFOUR SA","29612172",2017-09-11,"EUR","VTE",-230,17.002,3910.46,"U1427234",1.1431,0,4470,0,2
"416","20170911;034037","CARREFOUR SA","29612172",2017-09-11,"EUR","ACH",-230,17.002,3910.46,"Interactive Brokers",1.1431,0,0,4470,2
"417","20170911;034037","COMPAGNIE DE SAINT-GOBAIN","29612189",2017-09-11,"EUR","VTE",-67,47.26,3166.42,"U1427234",1.1431,0,3620,0,2
"418","20170911;034037","COMPAGNIE DE SAINT-GOBAIN","29612189",2017-09-11,"EUR","ACH",-67,47.26,3166.42,"Interactive Brokers",1.1431,0,0,3620,2
"419","20170911;034037","DAIMLER AG-REGISTERED SHARES","29622935",2017-09-11,"EUR","VTE",-49,64.615,3166.135,"U1427234",1.1431,0,3619,0,2
"420","20170911;034037","DAIMLER AG-REGISTERED SHARES","29622935",2017-09-11,"EUR","ACH",-49,64.615,3166.135,"Interactive Brokers",1.1431,0,0,3619,2
"421","20170911;034037","DASSAULT SYSTEMES SA","2953175",2017-09-11,"EUR","VTE",-74,85.18,6303.32,"U1427234",1.1431,0,7205,0,2
"422","20170911;034037","DASSAULT SYSTEMES SA","2953175",2017-09-11,"EUR","ACH",-74,85.18,6303.32,"Interactive Brokers",1.1431,0,0,7205,2
"423","20170911;034037","DBX WORLD FINANCIALS 1C","227264014",2017-09-11,"EUR","VTE",-84,14.925,1253.7,"U1427234",1.1431,0,1433,0,2
"424","20170911;034037","DBX WORLD FINANCIALS 1C","227264014",2017-09-11,"EUR","ACH",-84,14.925,1253.7,"Interactive Brokers",1.1431,0,0,1433,2
"425","20170911;034037","DEUTSCHE WOHNEN SE","40064795",2017-09-11,"EUR","VTE",-74,35.293,2611.682,"U1427234",1.1431,0,2985,0,2
"426","20170911;034037","DEUTSCHE WOHNEN SE","40064795",2017-09-11,"EUR","ACH",-74,35.293,2611.682,"Interactive Brokers",1.1431,0,0,2985,2
"427","20170911;034037","GECINA SA","1411212",2017-09-11,"EUR","VTE",-19,134.35,2552.65,"U1427234",1.1431,0,2918,0,2
"428","20170911;034037","GECINA SA","1411212",2017-09-11,"EUR","ACH",-19,134.35,2552.65,"Interactive Brokers",1.1431,0,0,2918,2
"429","20170911;034037","KLEPIERRE","1254551",2017-09-11,"EUR","VTE",-70,34.468,2412.76,"U1427234",1.1431,0,2758,0,2
"430","20170911;034037","KLEPIERRE","1254551",2017-09-11,"EUR","ACH",-70,34.468,2412.76,"Interactive Brokers",1.1431,0,0,2758,2
"431","20170911;034037","KONINKLIJKE AHOLD DELHAIZE N","240486295",2017-09-11,"EUR","VTE",-283,15.067,4263.961,"U1427234",1.1431,0,4874,0,2
"432","20170911;034037","KONINKLIJKE AHOLD DELHAIZE N","240486295",2017-09-11,"EUR","ACH",-283,15.067,4263.961,"Interactive Brokers",1.1431,0,0,4874,2
"433","20170911;034037","RENAULT SA","29612183",2017-09-11,"EUR","VTE",-48,77.354,3712.992,"U1427234",1.1431,0,4244,0,2
"434","20170911;034037","RENAULT SA","29612183",2017-09-11,"EUR","ACH",-48,77.354,3712.992,"Interactive Brokers",1.1431,0,0,4244,2
"435","20170911;034037","ROYAL DUTCH SHELL PLC-A SHS","35150657",2017-09-11,"EUR","VTE",-243,23.7,5759.1,"U1427234",1.1431,0,6583,0,2
"436","20170911;034037","ROYAL DUTCH SHELL PLC-A SHS","35150657",2017-09-11,"EUR","ACH",-243,23.7,5759.1,"Interactive Brokers",1.1431,0,0,6583,2
"437","20170911;034037","SIEMENS AG-REG","14217",2017-09-11,"EUR","VTE",-37,113.125,4185.625,"U1427234",1.1431,0,4785,0,2
"438","20170911;034037","SIEMENS AG-REG","14217",2017-09-11,"EUR","ACH",-37,113.125,4185.625,"Interactive Brokers",1.1431,0,0,4785,2
"439","20170911;034037","SOLVAY SA","228869",2017-09-11,"EUR","VTE",-41,124.725,5113.725,"U1427234",1.1431,0,5845,0,2
"440","20170911;034037","SOLVAY SA","228869",2017-09-11,"EUR","ACH",-41,124.725,5113.725,"Interactive Brokers",1.1431,0,0,5845,2
"441","20170911;034037","UNIBAIL-RODAMCO SE","1411503",2017-09-11,"EUR","VTE",-21,213.25,4478.25,"U1427234",1.1431,0,5119,0,2
"442","20170911;034037","UNIBAIL-RODAMCO SE","1411503",2017-09-11,"EUR","ACH",-21,213.25,4478.25,"Interactive Brokers",1.1431,0,0,5119,2
"443","20170911;034037","VOLKSWAGEN AG-PREF","14237",2017-09-11,"EUR","VTE",-21,133.45,2802.45,"U1427234",1.1431,0,3203,0,2
"444","20170911;034037","VOLKSWAGEN AG-PREF","14237",2017-09-11,"EUR","ACH",-21,133.45,2802.45,"Interactive Brokers",1.1431,0,0,3203,2
"445","20170911;034037","VONOVIA SE","130946869",2017-09-11,"EUR","VTE",-72,36.282,2612.304,"U1427234",1.1431,0,2986,0,2
"446","20170911;034037","VONOVIA SE","130946869",2017-09-11,"EUR","ACH",-72,36.282,2612.304,"Interactive Brokers",1.1431,0,0,2986,2
"447","20170911;101922","RECKITT BENCKISER GROUP PLC","46713230",2017-09-11,"GBP","ACH",22,71.03,1562.66,"U2202020",1.2589,0,1967,0,3
"448","20170911;101922","RECKITT BENCKISER GROUP PLC","46713230",2017-09-11,"GBP","ACH",95,71.03,6747.85,"U1427234",1.2589,0,8495,0,3
"449","20170911;101922","RECKITT BENCKISER GROUP PLC","46713230",2017-09-11,"GBP","VTE",117,71.03,8310.51,"Interactive Brokers",1.2589,0,0,10462,3
"450","20170911;101924","KONINKLIJKE AHOLD DELHAIZE N","240486295",2017-09-11,"EUR","ACH",11,15.028,165.308,"U2202020",1.1431,0,189,0,3
"451","20170911;101924","KONINKLIJKE AHOLD DELHAIZE N","240486295",2017-09-11,"EUR","ACH",168,15.028,2524.704,"U1427234",1.1431,0,2886,0,3
"452","20170911;101924","KONINKLIJKE AHOLD DELHAIZE N","240486295",2017-09-11,"EUR","VTE",179,15.028,2690.012,"Interactive Brokers",1.1431,0,0,3075,3
"453","20170911;101926","SCOR SE","42344148",2017-09-11,"EUR","ACH",52,34.165,1776.58,"U2202020",1.1431,0,2031,0,3
"454","20170911;101926","SCOR SE","42344148",2017-09-11,"EUR","ACH",219,34.165,7482.14,"U1427234",1.1431,0,8553,0,3
"455","20170911;101926","SCOR SE","42344148",2017-09-11,"EUR","VTE",271,34.165,9258.72,"Interactive Brokers",1.1431,0,0,10584,3
"456","20170911;101929","RTL GROUP","27383876",2017-09-11,"EUR","ACH",28,62.86,1760.08,"U2202020",1.1431,0,2012,0,3
"457","20170911;101929","RTL GROUP","27383876",2017-09-11,"EUR","ACH",119,62.86,7480.34,"U1427234",1.1431,0,8551,0,3
"458","20170911;101929","RTL GROUP","27383876",2017-09-11,"EUR","VTE",147,62.86,9240.42,"Interactive Brokers",1.1431,0,0,10563,3
"459","20170911;112915","ISHARES EURO STOXX 50","10368780",2017-09-11,"EUR","ACH",135,35.405,4779.678071429,"U2202020",1.1431,0,5464,0,3
"460","20170911;112915","ISHARES EURO STOXX 50","10368780",2017-09-11,"EUR","ACH",565,35.405,20003.821928571,"U1427234",1.1431,0,22866,0,3
"461","20170911;112915","ISHARES EURO STOXX 50","10368780",2017-09-11,"EUR","VTE",700,35.405,24783.5,"Interactive Brokers",1.1431,0,0,28330,3
"462","20170914;075605","AIRBUS SE","29612256",2017-09-14,"EUR","ACH",12,70.86,850.32,"U2202020",1.1482,0,976,0,2
"463","20170914;075605","AIRBUS SE","29612256",2017-09-14,"EUR","VTE",12,70.86,850.32,"Interactive Brokers",1.1482,0,0,976,2
"464","20170914;075605","ARKEMA","38980618",2017-09-14,"EUR","ACH",15,96.74,1451.1,"U2202020",1.1482,0,1666,0,2
"465","20170914;075605","ARKEMA","38980618",2017-09-14,"EUR","VTE",15,96.74,1451.1,"Interactive Brokers",1.1482,0,0,1666,2
"466","20170914;075605","ASML HOLDING NV","117589399",2017-09-14,"EUR","ACH",10,134.845,1348.45,"U2202020",1.1482,0,1548,0,2
"467","20170914;075605","ASML HOLDING NV","117589399",2017-09-14,"EUR","VTE",10,134.845,1348.45,"Interactive Brokers",1.1482,0,0,1548,2
"468","20170914;075605","BAE SYSTEMS PLC","908964",2017-09-14,"GBP","ACH",205,5.9,1209.5,"U2202020",1.2906,0,1561,0,2
"469","20170914;075605","BAE SYSTEMS PLC","908964",2017-09-14,"GBP","VTE",205,5.9,1209.5,"Interactive Brokers",1.2906,0,0,1561,2
"470","20170914;075605","BASF SE","77680640",2017-09-14,"EUR","ACH",14,86.146,1206.044,"U2202020",1.1482,0,1385,0,2
"471","20170914;075605","BASF SE","77680640",2017-09-14,"EUR","VTE",14,86.146,1206.044,"Interactive Brokers",1.1482,0,0,1385,2
"472","20170914;075605","BAYER AG-REG","68598660",2017-09-14,"EUR","ACH",11,111.326,1224.586,"U2202020",1.1482,0,1406,0,2
"473","20170914;075605","BAYER AG-REG","68598660",2017-09-14,"EUR","VTE",11,111.326,1224.586,"Interactive Brokers",1.1482,0,0,1406,2
"474","20170914;075605","BAYERISCHE MOTOREN WERKE AG","14094",2017-09-14,"EUR","ACH",14,84.36,1181.04,"U2202020",1.1482,0,1356,0,2
"475","20170914;075605","BAYERISCHE MOTOREN WERKE AG","14094",2017-09-14,"EUR","VTE",14,84.36,1181.04,"Interactive Brokers",1.1482,0,0,1356,2
"476","20170914;075605","BNP PARIBAS","29612163",2017-09-14,"EUR","ACH",17,66.881,1136.977,"U2202020",1.1482,0,1305,0,2
"477","20170914;075605","BNP PARIBAS","29612163",2017-09-14,"EUR","VTE",17,66.881,1136.977,"Interactive Brokers",1.1482,0,0,1305,2
"478","20170914;075605","BP PLC","228891",2017-09-14,"GBP","ACH",181,4.526,819.1155,"U2202020",1.2906,0,1057,0,2
"479","20170914;075605","BP PLC","228891",2017-09-14,"GBP","VTE",181,4.526,819.1155,"Interactive Brokers",1.2906,0,0,1057,2
"480","20170914;075605","CARREFOUR SA","29612172",2017-09-14,"EUR","ACH",57,16.89,962.73,"U2202020",1.1482,0,1105,0,2
"481","20170914;075605","CARREFOUR SA","29612172",2017-09-14,"EUR","VTE",57,16.89,962.73,"Interactive Brokers",1.1482,0,0,1105,2
"482","20170914;075605","DAIMLER AG-REGISTERED SHARES","29622935",2017-09-14,"EUR","ACH",17,65.761,1117.937,"U2202020",1.1482,0,1284,0,2
"483","20170914;075605","DAIMLER AG-REGISTERED SHARES","29622935",2017-09-14,"EUR","VTE",17,65.761,1117.937,"Interactive Brokers",1.1482,0,0,1284,2
"484","20170914;075605","DBX WORLD FINANCIALS 1C","227264014",2017-09-14,"EUR","ACH",141,15.33,2161.53,"U2202020",1.1482,0,2482,0,2
"485","20170914;075605","DBX WORLD FINANCIALS 1C","227264014",2017-09-14,"EUR","VTE",141,15.33,2161.53,"Interactive Brokers",1.1482,0,0,2482,2
"486","20170914;075605","DEUTSCHE WOHNEN SE","40064795",2017-09-14,"EUR","ACH",13,35.527,461.851,"U2202020",1.1482,0,530,0,2
"487","20170914;075605","DEUTSCHE WOHNEN SE","40064795",2017-09-14,"EUR","VTE",13,35.527,461.851,"Interactive Brokers",1.1482,0,0,530,2
"488","20170914;075605","GECINA SA","1411212",2017-09-14,"EUR","ACH",4,133.9,535.6,"U2202020",1.1482,0,615,0,2
"489","20170914;075605","GECINA SA","1411212",2017-09-14,"EUR","VTE",4,133.9,535.6,"Interactive Brokers",1.1482,0,0,615,2
"490","20170914;075605","ISHARES EURO STOXX 50","10368780",2017-09-14,"EUR","ACH",88,35.715,3142.92,"U2202020",1.1482,0,3609,0,2
"491","20170914;075605","ISHARES EURO STOXX 50","10368780",2017-09-14,"EUR","VTE",88,35.715,3142.92,"Interactive Brokers",1.1482,0,0,3609,2
"492","20170914;075605","KLEPIERRE","1254551",2017-09-14,"EUR","ACH",24,33.958,814.992,"U2202020",1.1482,0,936,0,2
"493","20170914;075605","KLEPIERRE","1254551",2017-09-14,"EUR","VTE",24,33.958,814.992,"Interactive Brokers",1.1482,0,0,936,2
"494","20170914;075605","KONINKLIJKE AHOLD DELHAIZE N","240486295",2017-09-14,"EUR","ACH",108,15.463,1670.004,"U2202020",1.1482,0,1917,0,2
"495","20170914;075605","KONINKLIJKE AHOLD DELHAIZE N","240486295",2017-09-14,"EUR","VTE",108,15.463,1670.004,"Interactive Brokers",1.1482,0,0,1917,2
"496","20170914;075605","RECKITT BENCKISER GROUP PLC","46713230",2017-09-14,"GBP","ACH",16,69.77,1116.32,"U2202020",1.2906,0,1441,0,2
"497","20170914;075605","RECKITT BENCKISER GROUP PLC","46713230",2017-09-14,"GBP","VTE",16,69.77,1116.32,"Interactive Brokers",1.2906,0,0,1441,2
"498","20170914;075605","RENAULT SA","29612183",2017-09-14,"EUR","ACH",17,79,1343,"U2202020",1.1482,0,1542,0,2
"499","20170914;075605","RENAULT SA","29612183",2017-09-14,"EUR","VTE",17,79,1343,"Interactive Brokers",1.1482,0,0,1542,2
"500","20170914;075605","ROYAL DUTCH SHELL PLC-A SHS","35150657",2017-09-14,"EUR","ACH",82,24.216,1985.712,"U2202020",1.1482,0,2280,0,2
"501","20170914;075605","ROYAL DUTCH SHELL PLC-A SHS","35150657",2017-09-14,"EUR","VTE",82,24.216,1985.712,"Interactive Brokers",1.1482,0,0,2280,2
"502","20170914;075605","RTL GROUP","27383876",2017-09-14,"EUR","ACH",19,63.419,1204.961,"U2202020",1.1482,0,1384,0,2
"503","20170914;075605","RTL GROUP","27383876",2017-09-14,"EUR","VTE",19,63.419,1204.961,"Interactive Brokers",1.1482,0,0,1384,2
"504","20170914;075605","SCOR SE","42344148",2017-09-14,"EUR","ACH",35,34.585,1210.48,"U2202020",1.1482,0,1390,0,2
"505","20170914;075605","SCOR SE","42344148",2017-09-14,"EUR","VTE",35,34.585,1210.48,"Interactive Brokers",1.1482,0,0,1390,2
"506","20170914;075605","SIEMENS AG-REG","14217",2017-09-14,"EUR","ACH",7,116.624,816.368,"U2202020",1.1482,0,937,0,2
"507","20170914;075605","SIEMENS AG-REG","14217",2017-09-14,"EUR","VTE",7,116.624,816.368,"Interactive Brokers",1.1482,0,0,937,2
"508","20170914;075605","SOLVAY SA","228869",2017-09-14,"EUR","ACH",12,126.276,1515.312,"U2202020",1.1482,0,1740,0,2
"509","20170914;075605","SOLVAY SA","228869",2017-09-14,"EUR","VTE",12,126.276,1515.312,"Interactive Brokers",1.1482,0,0,1740,2
"510","20170914;075605","UNIBAIL-RODAMCO SE","1411503",2017-09-14,"EUR","ACH",4,209.95,839.8,"U2202020",1.1482,0,964,0,2
"511","20170914;075605","UNIBAIL-RODAMCO SE","1411503",2017-09-14,"EUR","VTE",4,209.95,839.8,"Interactive Brokers",1.1482,0,0,964,2
"512","20170914;075605","VOLKSWAGEN AG-PREF","14237",2017-09-14,"EUR","ACH",7,136.776,957.432,"U2202020",1.1482,0,1099,0,2
"513","20170914;075605","VOLKSWAGEN AG-PREF","14237",2017-09-14,"EUR","VTE",7,136.776,957.432,"Interactive Brokers",1.1482,0,0,1099,2
"514","20170914;075605","VONOVIA SE","130946869",2017-09-14,"EUR","ACH",12,36.298,435.576,"U2202020",1.1482,0,500,0,2
"515","20170914;075605","VONOVIA SE","130946869",2017-09-14,"EUR","VTE",12,36.298,435.576,"Interactive Brokers",1.1482,0,0,500,2
"516","20170914;075606","AXA SA","29612141",2017-09-14,"EUR","ACH",53,24.733,1310.849,"U2202020",1.1482,0,1505,0,2
"517","20170914;075606","AXA SA","29612141",2017-09-14,"EUR","VTE",53,24.733,1310.849,"Interactive Brokers",1.1482,0,0,1505,2
"518","20170914;075606","COMPAGNIE DE SAINT-GOBAIN","29612189",2017-09-14,"EUR","ACH",21,48.998,1028.958,"U2202020",1.1482,0,1181,0,2
"519","20170914;075606","COMPAGNIE DE SAINT-GOBAIN","29612189",2017-09-14,"EUR","VTE",21,48.998,1028.958,"Interactive Brokers",1.1482,0,0,1181,2
"520","20170914;075606","DASSAULT SYSTEMES SA","2953175",2017-09-14,"EUR","ACH",14,85.771,1200.794,"U2202020",1.1482,0,1379,0,2
"521","20170914;075606","DASSAULT SYSTEMES SA","2953175",2017-09-14,"EUR","VTE",14,85.771,1200.794,"Interactive Brokers",1.1482,0,0,1379,2
"522","20170919;042737","ARKEMA","38980618",2017-09-19,"EUR","ACH",24,99.2,2380.8,"U2202020",1.1546,0,2749,0,3
"523","20170919;042737","ARKEMA","38980618",2017-09-19,"EUR","ACH",31,99.2,3075.2,"U1427234",1.1546,0,3551,0,3
"524","20170919;042737","ARKEMA","38980618",2017-09-19,"EUR","VTE",55,99.2,5456,"Interactive Brokers",1.1546,0,0,6300,3
"525","20170919;042737","AXA SA","29612141",2017-09-19,"EUR","ACH",87,24.735,2151.94565,"U2202020",1.1546,0,2485,0,3
"526","20170919;042737","AXA SA","29612141",2017-09-19,"EUR","ACH",113,24.735,2795.05435,"U1427234",1.1546,0,3227,0,3
"527","20170919;042737","AXA SA","29612141",2017-09-19,"EUR","VTE",200,24.735,4947,"Interactive Brokers",1.1546,0,0,5712,3
"528","20170919;042737","BAE SYSTEMS PLC","908964",2017-09-19,"GBP","ACH",339,6.21,2105.19,"U2202020",1.3006,0,2738,0,3
"529","20170919;042737","BAE SYSTEMS PLC","908964",2017-09-19,"GBP","ACH",440,6.21,2732.4,"U1427234",1.3006,0,3554,0,3
"530","20170919;042737","BAE SYSTEMS PLC","908964",2017-09-19,"GBP","VTE",779,6.21,4837.59,"Interactive Brokers",1.3006,0,0,6292,3
"531","20170919;042737","BASF SE","77680640",2017-09-19,"EUR","ACH",22,87.36,1921.92,"U2202020",1.1546,0,2219,0,3
"532","20170919;042737","BASF SE","77680640",2017-09-19,"EUR","ACH",30,87.36,2620.8,"U1427234",1.1546,0,3026,0,3
"533","20170919;042737","BASF SE","77680640",2017-09-19,"EUR","VTE",52,87.36,4542.72,"Interactive Brokers",1.1546,0,0,5245,3
"534","20170919;042737","BP PLC","228891",2017-09-19,"GBP","ACH",299,4.548,1359.852,"U2202020",1.3006,0,1769,0,3
"535","20170919;042737","BP PLC","228891",2017-09-19,"GBP","ACH",387,4.548,1760.076,"U1427234",1.3006,0,2289,0,3
"536","20170919;042737","BP PLC","228891",2017-09-19,"GBP","VTE",686,4.548,3119.928,"Interactive Brokers",1.3006,0,0,4058,3
"537","20170919;042737","DASSAULT SYSTEMES SA","2953175",2017-09-19,"EUR","ACH",24,85.42,2050.08,"U2202020",1.1546,0,2367,0,3
"538","20170919;042737","DASSAULT SYSTEMES SA","2953175",2017-09-19,"EUR","ACH",31,85.42,2648.02,"U1427234",1.1546,0,3057,0,3
"539","20170919;042737","DASSAULT SYSTEMES SA","2953175",2017-09-19,"EUR","VTE",55,85.42,4698.1,"Interactive Brokers",1.1546,0,0,5424,3
"540","20170919;042737","GECINA SA","1411212",2017-09-19,"EUR","ACH",5,133.75,668.75,"U2202020",1.1546,0,772,0,3
"541","20170919;042737","GECINA SA","1411212",2017-09-19,"EUR","ACH",7,133.75,936.25,"U1427234",1.1546,0,1081,0,3
"542","20170919;042737","GECINA SA","1411212",2017-09-19,"EUR","VTE",12,133.75,1605,"Interactive Brokers",1.1546,0,0,1853,3
"543","20170919;042737","ISHARES EURO STOXX 50","10368780",2017-09-19,"EUR","ACH",100,35.76,3576,"U2202020",1.1546,0,4129,0,3
"544","20170919;042737","ISHARES EURO STOXX 50","10368780",2017-09-19,"EUR","ACH",130,35.76,4648.8,"U1427234",1.1546,0,5368,0,3
"545","20170919;042737","ISHARES EURO STOXX 50","10368780",2017-09-19,"EUR","VTE",230,35.76,8224.8,"Interactive Brokers",1.1546,0,0,9497,3
"546","20170919;042737","RECKITT BENCKISER GROUP PLC","46713230",2017-09-19,"GBP","ACH",16,67.91,1086.56,"U2202020",1.3006,0,1413,0,3
"547","20170919;042737","RECKITT BENCKISER GROUP PLC","46713230",2017-09-19,"GBP","ACH",22,67.91,1494.02,"U1427234",1.3006,0,1943,0,3
"548","20170919;042737","RECKITT BENCKISER GROUP PLC","46713230",2017-09-19,"GBP","VTE",38,67.91,2580.58,"Interactive Brokers",1.3006,0,0,3356,3
"549","20170919;042737","RENAULT SA","29612183",2017-09-19,"EUR","ACH",28,81.18,2273.04,"U2202020",1.1546,0,2624,0,3
"550","20170919;042737","RENAULT SA","29612183",2017-09-19,"EUR","ACH",36,81.18,2922.48,"U1427234",1.1546,0,3374,0,3
"551","20170919;042737","RENAULT SA","29612183",2017-09-19,"EUR","VTE",64,81.18,5195.52,"Interactive Brokers",1.1546,0,0,5998,3
"552","20170919;042737","RTL GROUP","27383876",2017-09-19,"EUR","ACH",21,63.37,1330.77,"U2202020",1.1546,0,1537,0,3
"553","20170919;042737","RTL GROUP","27383876",2017-09-19,"EUR","ACH",27,63.37,1710.99,"U1427234",1.1546,0,1976,0,3
"554","20170919;042737","RTL GROUP","27383876",2017-09-19,"EUR","VTE",48,63.37,3041.76,"Interactive Brokers",1.1546,0,0,3513,3
"555","20170919;042737","SCOR SE","42344148",2017-09-19,"EUR","ACH",38,34.075,1294.85,"U2202020",1.1546,0,1495,0,3
"556","20170919;042737","SCOR SE","42344148",2017-09-19,"EUR","ACH",51,34.075,1737.83,"U1427234",1.1546,0,2006,0,3
"557","20170919;042737","SCOR SE","42344148",2017-09-19,"EUR","VTE",89,34.075,3032.68,"Interactive Brokers",1.1546,0,0,3501,3
"558","20170919;042737","UNIBAIL-RODAMCO SE","1411503",2017-09-19,"EUR","ACH",6,206.4,1238.4,"U2202020",1.1546,0,1430,0,3
"559","20170919;042737","UNIBAIL-RODAMCO SE","1411503",2017-09-19,"EUR","ACH",8,206.4,1651.2,"U1427234",1.1546,0,1906,0,3
"560","20170919;042737","UNIBAIL-RODAMCO SE","1411503",2017-09-19,"EUR","VTE",14,206.4,2889.6,"Interactive Brokers",1.1546,0,0,3336,3
"561","20170919;042738","AIRBUS SE","29612256",2017-09-19,"EUR","ACH",20,73.228,1464.56,"U2202020",1.1546,0,1691,0,3
"562","20170919;042738","AIRBUS SE","29612256",2017-09-19,"EUR","ACH",26,73.228,1903.928,"U1427234",1.1546,0,2198,0,3
"563","20170919;042738","AIRBUS SE","29612256",2017-09-19,"EUR","VTE",46,73.228,3368.488,"Interactive Brokers",1.1546,0,0,3889,3
"564","20170919;042738","ASML HOLDING NV","117589399",2017-09-19,"EUR","ACH",16,139.895,2238.32,"U2202020",1.1546,0,2584,0,3
"565","20170919;042738","ASML HOLDING NV","117589399",2017-09-19,"EUR","ACH",21,139.895,2937.795,"U1427234",1.1546,0,3392,0,3
"566","20170919;042738","ASML HOLDING NV","117589399",2017-09-19,"EUR","VTE",37,139.895,5176.115,"Interactive Brokers",1.1546,0,0,5976,3
"567","20170919;042738","BAYER AG-REG","68598660",2017-09-19,"EUR","ACH",17,110.376,1876.392,"U2202020",1.1546,0,2166,0,3
"568","20170919;042738","BAYER AG-REG","68598660",2017-09-19,"EUR","ACH",23,110.376,2538.648,"U1427234",1.1546,0,2931,0,3
"569","20170919;042738","BAYER AG-REG","68598660",2017-09-19,"EUR","VTE",40,110.376,4415.04,"Interactive Brokers",1.1546,0,0,5097,3
"570","20170919;042738","BAYERISCHE MOTOREN WERKE AG","14094",2017-09-19,"EUR","ACH",21,84.521,1774.941,"U2202020",1.1546,0,2049,0,3
"571","20170919;042738","BAYERISCHE MOTOREN WERKE AG","14094",2017-09-19,"EUR","ACH",28,84.521,2366.588,"U1427234",1.1546,0,2732,0,3
"572","20170919;042738","BAYERISCHE MOTOREN WERKE AG","14094",2017-09-19,"EUR","VTE",49,84.521,4141.529,"Interactive Brokers",1.1546,0,0,4781,3
"573","20170919;042738","BNP PARIBAS","29612163",2017-09-19,"EUR","ACH",28,66.061,1849.708,"U2202020",1.1546,0,2136,0,3
"574","20170919;042738","BNP PARIBAS","29612163",2017-09-19,"EUR","ACH",37,66.061,2444.257,"U1427234",1.1546,0,2822,0,3
"575","20170919;042738","BNP PARIBAS","29612163",2017-09-19,"EUR","VTE",65,66.061,4293.965,"Interactive Brokers",1.1546,0,0,4958,3
"576","20170919;042738","CARREFOUR SA","29612172",2017-09-19,"EUR","ACH",94,17.028,1600.632,"U2202020",1.1546,0,1848,0,3
"577","20170919;042738","CARREFOUR SA","29612172",2017-09-19,"EUR","ACH",122,17.028,2077.416,"U1427234",1.1546,0,2399,0,3
"578","20170919;042738","CARREFOUR SA","29612172",2017-09-19,"EUR","VTE",216,17.028,3678.048,"Interactive Brokers",1.1546,0,0,4247,3
"579","20170919;042738","COMPAGNIE DE SAINT-GOBAIN","29612189",2017-09-19,"EUR","ACH",34,49.215,1673.31,"U2202020",1.1546,0,1932,0,3
"580","20170919;042738","COMPAGNIE DE SAINT-GOBAIN","29612189",2017-09-19,"EUR","ACH",45,49.215,2214.675,"U1427234",1.1546,0,2557,0,3
"581","20170919;042738","COMPAGNIE DE SAINT-GOBAIN","29612189",2017-09-19,"EUR","VTE",79,49.215,3887.985,"Interactive Brokers",1.1546,0,0,4489,3
"582","20170919;042738","DAIMLER AG-REGISTERED SHARES","29622935",2017-09-19,"EUR","ACH",28,66.561,1863.708,"U2202020",1.1546,0,2152,0,3
"583","20170919;042738","DAIMLER AG-REGISTERED SHARES","29622935",2017-09-19,"EUR","ACH",36,66.561,2396.196,"U1427234",1.1546,0,2767,0,3
"584","20170919;042738","DAIMLER AG-REGISTERED SHARES","29622935",2017-09-19,"EUR","VTE",64,66.561,4259.904,"Interactive Brokers",1.1546,0,0,4919,3
"585","20170919;042738","DBX WORLD FINANCIALS 1C","227264014",2017-09-19,"EUR","ACH",156,15.334,2392.104,"U2202020",1.1546,0,2762,0,3
"586","20170919;042738","DBX WORLD FINANCIALS 1C","227264014",2017-09-19,"EUR","ACH",203,15.334,3112.802,"U1427234",1.1546,0,3594,0,3
"587","20170919;042738","DBX WORLD FINANCIALS 1C","227264014",2017-09-19,"EUR","VTE",359,15.334,5504.906,"Interactive Brokers",1.1546,0,0,6356,3
"588","20170919;042738","DEUTSCHE WOHNEN SE","40064795",2017-09-19,"EUR","ACH",21,35.602,747.642,"U2202020",1.1546,0,863,0,3
"589","20170919;042738","DEUTSCHE WOHNEN SE","40064795",2017-09-19,"EUR","ACH",28,35.602,996.856,"U1427234",1.1546,0,1151,0,3
"590","20170919;042738","DEUTSCHE WOHNEN SE","40064795",2017-09-19,"EUR","VTE",49,35.602,1744.498,"Interactive Brokers",1.1546,0,0,2014,3
"591","20170919;042738","KONINKLIJKE AHOLD DELHAIZE N","240486295",2017-09-19,"EUR","ACH",139,15.423,2143.797,"U2202020",1.1546,0,2475,0,3
"592","20170919;042738","KONINKLIJKE AHOLD DELHAIZE N","240486295",2017-09-19,"EUR","ACH",164,15.423,2529.372,"U1427234",1.1546,0,2920,0,3
"593","20170919;042738","KONINKLIJKE AHOLD DELHAIZE N","240486295",2017-09-19,"EUR","VTE",303,15.423,4673.169,"Interactive Brokers",1.1546,0,0,5395,3
"594","20170919;042738","ROYAL DUTCH SHELL PLC-A SHS","35150657",2017-09-19,"EUR","ACH",134,24.043,3221.762,"U2202020",1.1546,0,3720,0,3
"595","20170919;042738","ROYAL DUTCH SHELL PLC-A SHS","35150657",2017-09-19,"EUR","ACH",176,24.043,4231.568,"U1427234",1.1546,0,4886,0,3
"596","20170919;042738","ROYAL DUTCH SHELL PLC-A SHS","35150657",2017-09-19,"EUR","VTE",310,24.043,7453.33,"Interactive Brokers",1.1546,0,0,8606,3
"597","20170919;042738","SIEMENS AG-REG","14217",2017-09-19,"EUR","ACH",11,116.282,1279.102,"U2202020",1.1546,0,1477,0,3
"598","20170919;042738","SIEMENS AG-REG","14217",2017-09-19,"EUR","ACH",15,116.282,1744.23,"U1427234",1.1546,0,2014,0,3
"599","20170919;042738","SIEMENS AG-REG","14217",2017-09-19,"EUR","VTE",26,116.282,3023.332,"Interactive Brokers",1.1546,0,0,3491,3
"600","20170919;042738","SOLVAY SA","228869",2017-09-19,"EUR","ACH",18,127.225,2290.05,"U2202020",1.1546,0,2644,0,3
"601","20170919;042738","SOLVAY SA","228869",2017-09-19,"EUR","ACH",24,127.225,3053.4,"U1427234",1.1546,0,3525,0,3
"602","20170919;042738","SOLVAY SA","228869",2017-09-19,"EUR","VTE",42,127.225,5343.45,"Interactive Brokers",1.1546,0,0,6169,3
"603","20170919;042738","VOLKSWAGEN AG-PREF","14237",2017-09-19,"EUR","ACH",11,136.871,1505.581,"U2202020",1.1546,0,1738,0,3
"604","20170919;042738","VOLKSWAGEN AG-PREF","14237",2017-09-19,"EUR","ACH",14,136.871,1916.194,"U1427234",1.1546,0,2212,0,3
"605","20170919;042738","VOLKSWAGEN AG-PREF","14237",2017-09-19,"EUR","VTE",25,136.871,3421.775,"Interactive Brokers",1.1546,0,0,3950,3
"606","20170919;042739","KLEPIERRE","1254551",2017-09-19,"EUR","ACH",40,32.978,1319.12,"U2202020",1.1546,0,1523,0,3
"607","20170919;042739","KLEPIERRE","1254551",2017-09-19,"EUR","ACH",52,32.978,1714.856,"U1427234",1.1546,0,1980,0,3
"608","20170919;042739","KLEPIERRE","1254551",2017-09-19,"EUR","VTE",92,32.978,3033.976,"Interactive Brokers",1.1546,0,0,3503,3
"609","20170919;055846","ASML HOLDING NV","117589399",2017-09-19,"EUR","VTE",-26,140.105,3642.73,"U2202020",1.1546,0,4206,0,3
"610","20170919;055846","ASML HOLDING NV","117589399",2017-09-19,"EUR","VTE",-57,140.105,7985.985,"U1427234",1.1546,0,9221,0,3
"611","20170919;055846","ASML HOLDING NV","117589399",2017-09-19,"EUR","ACH",-83,140.105,11628.715,"Interactive Brokers",1.1546,0,0,13427,3
"612","20170919;055846","BASF SE","77680640",2017-09-19,"EUR","VTE",-32,87.29,2793.28,"U2202020",1.1546,0,3225,0,3
"613","20170919;055846","BASF SE","77680640",2017-09-19,"EUR","VTE",-70,87.29,6110.3,"U1427234",1.1546,0,7055,0,3
"614","20170919;055846","BASF SE","77680640",2017-09-19,"EUR","ACH",-102,87.29,8903.58,"Interactive Brokers",1.1546,0,0,10280,3
"615","20170919;055846","CARREFOUR SA","29612172",2017-09-19,"EUR","ACH",114,16.94,1931.16,"U2202020",1.1546,0,2230,0,3
"616","20170919;055846","CARREFOUR SA","29612172",2017-09-19,"EUR","ACH",248,16.94,4201.12,"U1427234",1.1546,0,4851,0,3
"617","20170919;055846","CARREFOUR SA","29612172",2017-09-19,"EUR","VTE",362,16.94,6132.28,"Interactive Brokers",1.1546,0,0,7081,3
"618","20170919;055846","COMPAGNIE DE SAINT-GOBAIN","29612189",2017-09-19,"EUR","VTE",-40,49.187,1967.48,"U2202020",1.1546,0,2272,0,3
"619","20170919;055846","COMPAGNIE DE SAINT-GOBAIN","29612189",2017-09-19,"EUR","VTE",-86,49.187,4230.082,"U1427234",1.1546,0,4884,0,3
"620","20170919;055846","COMPAGNIE DE SAINT-GOBAIN","29612189",2017-09-19,"EUR","ACH",-126,49.187,6197.562,"Interactive Brokers",1.1546,0,0,7156,3
"621","20170919;055846","DAIMLER AG-REGISTERED SHARES","29622935",2017-09-19,"EUR","VTE",-37,66.53,2461.61,"U2202020",1.1546,0,2842,0,3
"622","20170919;055846","DAIMLER AG-REGISTERED SHARES","29622935",2017-09-19,"EUR","VTE",-81,66.53,5388.93,"U1427234",1.1546,0,6222,0,3
"623","20170919;055846","DAIMLER AG-REGISTERED SHARES","29622935",2017-09-19,"EUR","ACH",-118,66.53,7850.54,"Interactive Brokers",1.1546,0,0,9064,3
"624","20170919;055846","KLEPIERRE","1254551",2017-09-19,"EUR","ACH",84,32.958,2768.472,"U2202020",1.1546,0,3196,0,3
"625","20170919;055846","KLEPIERRE","1254551",2017-09-19,"EUR","ACH",181,32.958,5965.398,"U1427234",1.1546,0,6888,0,3
"626","20170919;055846","KLEPIERRE","1254551",2017-09-19,"EUR","VTE",265,32.958,8733.87,"Interactive Brokers",1.1546,0,0,10084,3
"627","20170919;055846","RECKITT BENCKISER GROUP PLC","46713230",2017-09-19,"GBP","ACH",38,68.26,2593.88,"U2202020",1.3006,0,3374,0,3
"628","20170919;055846","RECKITT BENCKISER GROUP PLC","46713230",2017-09-19,"GBP","ACH",80,68.26,5460.8,"U1427234",1.3006,0,7102,0,3
"629","20170919;055846","RECKITT BENCKISER GROUP PLC","46713230",2017-09-19,"GBP","VTE",118,68.26,8054.68,"Interactive Brokers",1.3006,0,0,10476,3
"630","20170919;055846","SCOR SE","42344148",2017-09-19,"EUR","ACH",82,34.06,2792.92,"U2202020",1.1546,0,3225,0,3
"631","20170919;055846","SCOR SE","42344148",2017-09-19,"EUR","ACH",176,34.06,5994.56,"U1427234",1.1546,0,6921,0,3
"632","20170919;055846","SCOR SE","42344148",2017-09-19,"EUR","VTE",258,34.06,8787.48,"Interactive Brokers",1.1546,0,0,10146,3
"633","20170919;055846","UNIBAIL-RODAMCO SE","1411503",2017-09-19,"EUR","ACH",14,206.3,2888.2,"U2202020",1.1546,0,3335,0,3
"634","20170919;055846","UNIBAIL-RODAMCO SE","1411503",2017-09-19,"EUR","ACH",30,206.3,6189,"U1427234",1.1546,0,7146,0,3
"635","20170919;055846","UNIBAIL-RODAMCO SE","1411503",2017-09-19,"EUR","VTE",44,206.3,9077.2,"Interactive Brokers",1.1546,0,0,10481,3
"636","20170919;055846","VODAFONE GROUP PLC","140148322",2017-09-19,"GBP","ACH",3004,2.092,6285.87,"U2202020",1.3006,0,8175,0,3
"637","20170919;055846","VODAFONE GROUP PLC","140148322",2017-09-19,"GBP","ACH",6455,2.092,13507.0875,"U1427234",1.3006,0,17567,0,3
"638","20170919;055846","VODAFONE GROUP PLC","140148322",2017-09-19,"GBP","VTE",9459,2.092,19792.9575,"Interactive Brokers",1.3006,0,0,25742,3
"639","20170919;055930","ISHARES EURO STOXX 50","10368780",2017-09-19,"EUR","VTE",-323,35.79,11560.17,"U2202020",1.1546,0,13347,0,3
"640","20170919;055930","ISHARES EURO STOXX 50","10368780",2017-09-19,"EUR","VTE",-695,35.79,24874.05,"U1427234",1.1546,0,28720,0,3
"641","20170919;055930","ISHARES EURO STOXX 50","10368780",2017-09-19,"EUR","ACH",-1018,35.79,36434.22,"Interactive Brokers",1.1546,0,0,42067,3
"642","20170919;060508","RED ELECTRICA CORPORACION SA","239949851",2017-09-19,"EUR","ACH",391,18.085,7071.249521104,"U2202020",1.1546,0,8164,0,3
"643","20170919;060508","RED ELECTRICA CORPORACION SA","239949851",2017-09-19,"EUR","ACH",841,18.085,15209.510478896,"U1427234",1.1546,0,17561,0,3
"644","20170919;060508","RED ELECTRICA CORPORACION SA","239949851",2017-09-19,"EUR","VTE",1232,18.085,22280.76,"Interactive Brokers",1.1546,0,0,25725,3
"645","20170919;062035","ISHARES CORE SPI ETF CH","150029461",2017-09-19,"CHF","ACH",173,114.56,19818.88,"U2202020",1,19819,0,0,3
"646","20170919;062035","ISHARES CORE SPI ETF CH","150029461",2017-09-19,"CHF","ACH",35,114.56,4009.6,"U1427234",1,4010,0,0,3
"647","20170919;062035","ISHARES CORE SPI ETF CH","150029461",2017-09-19,"CHF","VTE",208,114.56,23828.48,"Interactive Brokers",1,0,0,23829,3
"648","20170919;062045","GIVAUDAN-REG","8945997",2017-09-19,"CHF","VTE",-7,2068,14476,"U2202020",1,14476,0,0,3
"649","20170919;062045","GIVAUDAN-REG","8945997",2017-09-19,"CHF","VTE",-1,2068,2068,"U1427234",1,2068,0,0,3
"650","20170919;062045","GIVAUDAN-REG","8945997",2017-09-19,"CHF","ACH",-8,2068,16544,"Interactive Brokers",1,0,0,16544,3
"651","20170919;062049","LOGITECH INTERNATIONAL-REG","39999891",2017-09-19,"CHF","VTE",-456,36.4,16598.4,"U2202020",1,16598,0,0,3
"652","20170919;062049","LOGITECH INTERNATIONAL-REG","39999891",2017-09-19,"CHF","VTE",-88,36.4,3203.2,"U1427234",1,3203,0,0,3
"653","20170919;062049","LOGITECH INTERNATIONAL-REG","39999891",2017-09-19,"CHF","ACH",-544,36.4,19801.6,"Interactive Brokers",1,0,0,19801,3
"654","20170919;093557","CISCO SYSTEMS INC","268084",2017-09-19,"USD","ACH",69,32.55,2245.95,"U2202020",0.96257,0,2162,0,3
"655","20170919;093557","CISCO SYSTEMS INC","268084",2017-09-19,"USD","ACH",217,32.55,7063.35,"U1427234",0.96257,0,6799,0,3
"656","20170919;093557","CISCO SYSTEMS INC","268084",2017-09-19,"USD","VTE",286,32.55,9309.3,"Interactive Brokers",0.96257,0,0,8961,3
"657","20170919;093557","EMERSON ELECTRIC CO","6842",2017-09-19,"USD","VTE",-67,62.91,4214.97,"U2202020",0.96257,0,4057,0,3
"658","20170919;093557","EMERSON ELECTRIC CO","6842",2017-09-19,"USD","VTE",-203,62.91,12770.73,"U1427234",0.96257,0,12293,0,3
"659","20170919;093557","EMERSON ELECTRIC CO","6842",2017-09-19,"USD","ACH",-270,62.91,16985.7,"Interactive Brokers",0.96257,0,0,16350,3
"660","20170919;093557","GILEAD SCIENCES INC","269753",2017-09-19,"USD","ACH",36,82.7,2977.2,"U2202020",0.96257,0,2866,0,3
"661","20170919;093557","GILEAD SCIENCES INC","269753",2017-09-19,"USD","ACH",114,82.7,9427.8,"U1427234",0.96257,0,9075,0,3
"662","20170919;093557","GILEAD SCIENCES INC","269753",2017-09-19,"USD","VTE",150,82.7,12405,"Interactive Brokers",0.96257,0,0,11941,3
"663","20170919;093557","INTEL CORP","270639",2017-09-19,"USD","VTE",-74,37.11,2746.14,"U2202020",0.96257,0,2643,0,2
"664","20170919;093557","INTEL CORP","270639",2017-09-19,"USD","ACH",-74,37.11,2746.14,"Interactive Brokers",0.96257,0,0,2643,2
"665","20170919;093557","MERCK & CO INC","70101545",2017-09-19,"USD","VTE",-63,66.08,4163.04,"U2202020",0.96257,0,4007,0,3
"666","20170919;093557","MERCK & CO INC","70101545",2017-09-19,"USD","VTE",-76,66.08,5022.08,"U1427234",0.96257,0,4834,0,3
"667","20170919;093557","MERCK & CO INC","70101545",2017-09-19,"USD","ACH",-139,66.08,9185.12,"Interactive Brokers",0.96257,0,0,8841,3
"668","20170919;093727","SPDR S&P 500 ETF TRUST","756733",2017-09-19,"USD","ACH",28,249.84,6995.52,"U2202020",0.96257,0,6734,0,3
"669","20170919;093727","SPDR S&P 500 ETF TRUST","756733",2017-09-19,"USD","ACH",87,249.84,21736.08,"U1427234",0.96257,0,20922,0,3
"670","20170919;093727","SPDR S&P 500 ETF TRUST","756733",2017-09-19,"USD","VTE",115,249.84,28731.6,"Interactive Brokers",0.96257,0,0,27656,3
"671","20170919;121000","GAS NATURAL SDG SA","917433",2017-09-19,"EUR","ACH",365,19.401,7081.373176675,"U2202020",1.1546,0,8176,0,3
"672","20170919;121000","GAS NATURAL SDG SA","917433",2017-09-19,"EUR","ACH",784,19.401,15210.386823325,"U1427234",1.1546,0,17562,0,3
"673","20170919;121000","GAS NATURAL SDG SA","917433",2017-09-19,"EUR","VTE",1149,19.401,22291.76,"Interactive Brokers",1.1546,0,0,25738,3
"674","20170919;143500","VONOVIA SE","130946869",2017-09-19,"EUR","ACH",20,36.18,723.6,"U2202020",1.1546,0,835,0,3
"675","20170919;143500","VONOVIA SE","130946869",2017-09-19,"EUR","ACH",27,36.18,976.86,"U1427234",1.1546,0,1128,0,3
"676","20170919;143500","VONOVIA SE","130946869",2017-09-19,"EUR","VTE",47,36.18,1700.46,"Interactive Brokers",1.1546,0,0,1963,3
"677","20170919;163500","CA INC","37875225",2017-09-19,"USD","ACH",153,32.969,5044.19708307,"U2202020",0.96257,0,4855,0,3
"678","20170919;163500","CA INC","37875225",2017-09-19,"USD","ACH",479,32.969,15791.96341693,"U1427234",0.96257,0,15201,0,3
"679","20170919;163500","CA INC","37875225",2017-09-19,"USD","VTE",632,32.969,20836.1605,"Interactive Brokers",0.96257,0,0,20056,3
"680","20170919;163500","GENERAL ELECTRIC CO","7516",2017-09-19,"USD","ACH",80,24.396,1951.694832827,"U2202020",0.96257,0,1879,0,3
"681","20170919;163500","GENERAL ELECTRIC CO","7516",2017-09-19,"USD","ACH",249,24.396,6074.650167173,"U1427234",0.96257,0,5847,0,3
"682","20170919;163500","GENERAL ELECTRIC CO","7516",2017-09-19,"USD","VTE",329,24.396,8026.345,"Interactive Brokers",0.96257,0,0,7726,3
"683","20170919;163500","MICHAEL KORS HOLDINGS LTD","98606948",2017-09-19,"USD","VTE",-72,46.95,3380.36738676,"U2202020",0.96257,0,3254,0,3
"684","20170919;163500","MICHAEL KORS HOLDINGS LTD","98606948",2017-09-19,"USD","VTE",-215,46.95,10094.15261324,"U1427234",0.96257,0,9716,0,3
"685","20170919;163500","MICHAEL KORS HOLDINGS LTD","98606948",2017-09-19,"USD","ACH",-287,46.95,13474.52,"Interactive Brokers",0.96257,0,0,12970,3
"686","20170919;163500","MICROSOFT CORP","272093",2017-09-19,"USD","ACH",57,75.27,4290.362974138,"U2202020",0.96257,0,4130,0,3
"687","20170919;163500","MICROSOFT CORP","272093",2017-09-19,"USD","ACH",175,75.27,13172.167025862,"U1427234",0.96257,0,12679,0,3
"688","20170919;163500","MICROSOFT CORP","272093",2017-09-19,"USD","VTE",232,75.27,17462.53,"Interactive Brokers",0.96257,0,0,16809,3
"689","20170919;163500","PANDORA A/S","80386066",2017-09-19,"EUR","ACH",86,82.546,7098.940074074,"U2202020",1.1546,0,8196,0,3
"690","20170919;163500","PANDORA A/S","80386066",2017-09-19,"EUR","ACH",184,82.546,15188.429925926,"U1427234",1.1546,0,17537,0,3
"691","20170919;163500","PANDORA A/S","80386066",2017-09-19,"EUR","VTE",270,82.546,22287.37,"Interactive Brokers",1.1546,0,0,25733,3
"692","20170919;163500","PFIZER INC","11031",2017-09-19,"USD","VTE",-138,35.591,4911.545454545,"U2202020",0.96257,0,4728,0,3
"693","20170919;163500","PFIZER INC","11031",2017-09-19,"USD","VTE",-412,35.591,14663.454545455,"U1427234",0.96257,0,14115,0,3
"694","20170919;163500","PFIZER INC","11031",2017-09-19,"USD","ACH",-550,35.591,19575,"Interactive Brokers",0.96257,0,0,18843,3
"695","20170919;163500","UNITED TECHNOLOGIES CORP","13364",2017-09-19,"USD","ACH",26,113.13,2941.379264151,"U2202020",0.96257,0,2831,0,3
"696","20170919;163500","UNITED TECHNOLOGIES CORP","13364",2017-09-19,"USD","ACH",80,113.13,9050.397735849,"U1427234",0.96257,0,8712,0,3
"697","20170919;163500","UNITED TECHNOLOGIES CORP","13364",2017-09-19,"USD","VTE",106,113.13,11991.777,"Interactive Brokers",0.96257,0,0,11543,3
"698","20170927;033420","AIRBUS SE","29612256",2017-09-27,"EUR","VTE",-65,78.98,5133.7,"U2202020",1.1418,0,5862,0,3
"699","20170927;033420","AIRBUS SE","29612256",2017-09-27,"EUR","VTE",-140,78.98,11057.2,"U1427234",1.1418,0,12625,0,3
"700","20170927;033420","AIRBUS SE","29612256",2017-09-27,"EUR","ACH",-205,78.98,16190.9,"Interactive Brokers",1.1418,0,0,18487,3
"701","20170927;033420","BASF SE","77680640",2017-09-27,"EUR","VTE",-41,89.005,3649.205,"U2202020",1.1418,0,4167,0,3
"702","20170927;033420","BASF SE","77680640",2017-09-27,"EUR","VTE",-88,89.005,7832.44,"U1427234",1.1418,0,8943,0,3
"703","20170927;033420","BASF SE","77680640",2017-09-27,"EUR","ACH",-129,89.005,11481.645,"Interactive Brokers",1.1418,0,0,13110,3
"704","20170927;033420","ISHARES EURO STOXX 50","10368780",2017-09-27,"EUR","ACH",397,36.035,14305.896824,"U2202020",1.1418,0,16334,0,3
"705","20170927;033420","ISHARES EURO STOXX 50","10368780",2017-09-27,"EUR","ACH",853,36.035,30737.853176,"U1427234",1.1418,0,35096,0,3
"706","20170927;033420","ISHARES EURO STOXX 50","10368780",2017-09-27,"EUR","VTE",1250,36.035,45043.75,"Interactive Brokers",1.1418,0,0,51430,3
"707","20170927;033420","ROYAL DUTCH SHELL PLC-A SHS","35150657",2017-09-27,"EUR","VTE",-223,25.442,5673.566,"U2202020",1.1418,0,6478,0,3
"708","20170927;033420","ROYAL DUTCH SHELL PLC-A SHS","35150657",2017-09-27,"EUR","VTE",-480,25.442,12212.16,"U1427234",1.1418,0,13944,0,3
"709","20170927;033420","ROYAL DUTCH SHELL PLC-A SHS","35150657",2017-09-27,"EUR","ACH",-703,25.442,17885.726,"Interactive Brokers",1.1418,0,0,20422,3
